Duration (in seconds),responseId,angryorchard,bacardi,budweiser,coors,corona,crownroyal,highnoon,newbelgium,odells,smirnoff,scrumpys,titos,topochico,truly,whiteclaw,benjerry,coke,campbell,chocolove,generalmills,hershey,impossible,kellogg,kraft,larabar,nestle,pepsico,pueblochiles,tyson,burgerking,chickfila,chipotle,crackerbarrel,denverbiscuit,dominos,firehouse,fiveguys,illegalpete,jimmyjohns,kfc,mcdonalds,musiccity,panera,papajohns,popeyes,raisingcanes,sonic,starbucks,subway,sweetgreen,tacobell,wafflehouse,Q10_1,Q10_2,Q10_3,Q10_4,Q10_5,Q11,Q13,Q14,Q15,Q16,Q17,Q17_4_TEXT,Q18,Q18_4_TEXT,Q19_1,Q21_1,Q21_2,Q21_3,Q21_4,Q23_1,Q23_2,Q23_3,Q23_4
524,R_5P5gPEQyUU3XNLZ,1,1,1,1,3,1,1,3,2,2,2,3,1,1,1,4,1,3,3,3,3,2,3,3,3,4,1,4,4,1,1,2,1,3,2,2,2,2,2,1,1,2,2,2,3,2,1,4,2,,1,2,2,3,5,4,5,2,6,6,80241,7,2,,1,,4,1,1,1,1,5,5,1,1
555,R_1hrNDBK44yr6lst,1,1,5,5,4,4,2,2,2,3,2,1,1,1,5,5,5,1,1,5,5,5,4,5,1,5,1,2,1,1,5,1,5,5,5,1,1,1,1,4,5,2,1,5,5,1,1,5,5,1,4,5,7,7,7,7,2,1,2,2,81155,3,1,,1,,7,5,5,5,2,5,5,1,1
831,R_3IQzslwzkJ0ZKo1,1,1,1,1,1,1,1,1,1,1,1,1,1,1,1,1,1,1,1,1,1,1,1,1,1,1,1,1,1,1,1,1,1,,1,1,1,1,1,1,1,1,1,1,1,1,1,1,1,1,1,1,7,6,6,1,3,2,3,5,80127,6,2,,2,,2,1,1,1,5,5,5,1,1
2243,R_5gO8o3u9QVEgnKS,1,1,1,1,1,1,1,1,1,1,2,1,1,1,1,5,4,4,5,5,5,5,4,4,4,4,4,5,1,1,5,5,3,2,5,3,3,3,3,3,1,,4,4,1,1,3,3,4,4,4,4,7,7,5,5,6,2,3,2,81652,7,2,,1,,7,3,2,2,5,1,1,5,5
493,R_6eQ8TiTsCD2JFXX,1,1,1,5,4,2,2,2,2,2,2,4,2,4,1,1,1,1,2,1,1,1,1,1,2,1,1,4,1,1,5,2,4,,2,2,2,2,2,2,2,,2,2,2,2,2,1,2,2,2,2,7,7,5,1,3,2,5,2,80601,7,2,,3,,4,1,1,1,2,1,1,5,5
1207,R_18ImeXnljQHfHPF,1,1,1,1,1,1,1,1,1,1,1,1,1,1,1,1,1,1,1,1,1,1,1,1,1,1,1,1,1,1,5,5,1,,4,1,1,1,1,1,1,,5,1,5,1,5,5,5,1,5,5,7,1,1,1,1,2,2,7,80138,3,2,,1,,7,5,1,5,5,1,5,1,5
754,R_3FG01KhRwYFENPI,1,1,2,1,1,2,1,1,1,1,1,1,1,1,1,1,1,1,1,1,1,1,1,1,1,1,1,1,2,1,1,1,1,1,1,1,1,1,1,1,1,,1,1,1,1,1,1,1,1,1,1,7,4,4,2,4,2,6,2,80804,6,1,,4,This Data Is NO ONE'S Business!,4,4,3,3,3,2,3,3,3
498,R_3K6J4yxRTzR64vF,1,1,5,1,5,1,1,5,1,1,1,1,1,1,1,1,1,1,1,5,1,1,1,1,1,1,5,1,1,1,1,5,1,1,1,1,1,1,1,1,1,,1,1,1,1,1,1,1,1,1,1,7,7,7,7,7,1,3,2,80004,4,1,,2,,1,1,1,1,1,1,1,1,1
896,R_17ogm9SSEUFMrJv,1,5,2,2,4,4,1,1,1,5,1,1,1,1,1,5,4,4,2,1,5,1,5,5,1,5,5,1,3,1,4,5,4,,4,5,1,1,2,5,3,,5,4,4,4,5,5,4,1,5,5,5,5,5,5,5,2,2,2,80910,4,2,,5,,3,3,2,1,1,1,1,1,3
701,R_1EBbDJEzV8soJcB,1,2,1,1,1,1,1,1,1,1,1,1,1,1,1,1,1,4,1,4,5,1,5,4,3,4,1,1,1,1,2,5,4,1,4,4,1,1,1,1,3,1,3,2,1,1,1,1,2,1,1,1,6,6,6,6,6,2,2,4,80814,5,2,,3,,4,3,4,3,2,3,4,1,1
761,R_1z4wQWkvVOw6urL,1,4,2,1,4,4,1,1,1,3,1,1,1,1,1,3,5,4,2,4,5,2,3,3,1,3,4,2,3,1,2,2,2,1,1,2,1,2,2,3,3,1,5,4,3,1,1,3,3,1,2,2,5,6,4,2,3,1,2,2,80831,5,2,,1,,4,4,3,3,2,2,2,3,1
617,R_5fT4sYrk8Uw2lD5,1,4,2,2,4,4,5,,4,2,5,2,4,4,4,5,5,,4,,4,2,2,2,4,5,4,5,4,1,5,4,4,4,1,2,,2,1,1,1,4,2,4,2,4,4,5,4,,,4,7,7,7,5,6,1,5,3,80435,3,2,,3,,2,1,1,4,4,5,4,1,1
498,R_5psJQvRutKQpFZv,1,2,2,1,4,5,1,2,1,1,1,4,1,1,1,5,2,1,2,1,4,1,2,2,2,4,1,5,1,1,4,1,1,3,2,1,1,1,1,2,1,,4,1,3,1,,5,2,1,,4,1,3,5,5,3,1,3,2,80031,4,1,,2,,5,3,4,2,3,2,2,3,3
1456,R_317IMZPI4UBgBAQ,1,1,1,1,1,3,1,1,1,2,1,2,1,1,2,4,2,2,2,2,4,2,2,2,1,2,2,2,2,1,1,1,1,,2,1,2,2,2,2,2,,2,2,2,2,2,2,1,2,2,4,6,5,6,7,7,2,4,2,80139,5,1,,3,,2,1,1,1,4,5,5,5,1
1128,R_3CJBtfxAgWLUcaU,1,1,1,1,1,1,1,1,1,1,1,1,1,1,1,1,1,1,1,1,1,1,1,1,1,1,1,1,1,1,1,1,1,1,1,1,1,1,1,1,1,1,1,1,1,1,1,1,1,1,1,1,5,3,3,3,3,2,5,4,80015,5,2,,3,,4,1,2,4,4,1,3,1,3
689,R_1NXlF0vbkn5HVDM,1,1,1,1,1,1,1,1,1,1,1,1,1,1,1,5,3,1,1,1,2,1,4,3,1,5,1,1,,1,5,,2,5,,,4,2,2,2,2,3,4,1,,4,1,1,1,3,1,2,7,7,4,7,7,2,5,7,80123,2,2,,3,,3,1,1,1,2,1,1,1,1
671,R_7eVBLnyN6N4Gc7i,1,1,1,1,1,1,1,1,1,1,1,1,1,1,1,5,1,2,4,5,3,3,5,5,4,3,1,1,1,1,1,1,1,1,1,1,1,1,4,1,1,1,5,1,1,1,1,2,3,4,1,1,7,7,7,7,7,2,6,5,80227,6,2,,2,,4,3,4,4,5,2,1,1,1
910,R_6irvBpsHgsdplxn,1,1,1,1,1,1,1,4,1,1,1,1,1,1,1,1,2,4,1,4,,1,3,4,4,3,3,1,4,1,1,2,1,3,2,4,5,2,2,1,3,1,1,3,1,1,1,1,2,1,1,1,5,3,3,1,5,2,5,5,80014,6,1,,3,,4,2,1,1,2,2,3,2,3
1170,R_55Wuj1KnzjDtOMS,1,1,1,1,1,5,1,1,1,5,1,1,5,5,5,1,5,1,1,1,5,5,5,5,1,5,5,5,2,1,5,5,5,1,1,1,5,1,5,5,1,1,5,5,5,5,5,5,5,1,5,5,7,1,7,7,1,2,2,7,81003,3,2,,5,,4,1,1,1,1,1,1,1,1
962,R_5uTVAOqePFzjEL6,1,2,3,3,5,3,1,1,1,3,1,5,1,1,3,4,1,3,1,4,4,1,4,4,1,3,3,1,3,1,3,5,1,3,3,1,1,1,1,1,3,1,3,3,1,4,1,4,3,1,3,1,6,6,6,4,4,2,2,3,80401,4,1,,3,,6,3,3,3,1,1,1,1,3
825,R_3PdCPBcxXqqi2VM,1,1,1,1,1,5,1,5,5,1,4,4,1,1,1,5,4,4,,,4,1,,,4,1,5,,1,1,,4,,3,,,5,5,,,4,4,2,,5,5,,,,,5,1,5,5,2,5,5,2,3,4,80526,3,2,,2,,3,4,4,1,1,5,5,1,1
547,R_6YgLrjiKsSO85q1,2,2,1,1,,,1,1,1,2,1,1,1,1,1,4,,,1,2,2,1,2,2,1,,1,1,2,1,1,5,4,,2,2,2,1,,1,1,,4,4,1,,,2,,1,1,1,6,5,5,6,5,2,4,4,80916,5,2,,5,,4,1,1,1,4,5,5,1,1
485,R_5i40IBFcniObSIt,2,1,3,3,3,1,1,1,3,3,1,1,1,3,3,5,3,3,3,3,5,1,3,3,3,3,3,3,,1,5,5,3,1,3,3,3,3,3,3,3,,3,3,,3,3,3,3,3,3,3,4,4,4,4,4,2,2,3,81650,5,2,,3,,4,3,3,3,3,3,3,3,3
408,R_3R2BorkwvNzoik7,2,2,2,,2,2,,,2,2,2,,2,2,2,4,2,,2,2,2,2,2,2,,1,2,2,2,1,1,4,1,4,2,,,4,,,,1,,,,,4,,,,4,,6,5,6,5,5,2,5,7,80230,3,2,,3,,2,2,2,2,3,4,5,1,1
786,R_1qjVbGun9eFI628,2,1,1,1,1,4,1,1,1,4,1,1,1,1,1,5,2,4,4,4,2,2,,4,,4,2,5,2,1,1,5,4,3,4,1,1,,1,1,1,,4,2,1,1,1,4,1,4,1,1,7,7,7,5,3,2,2,1,80911,3,2,,3,,4,3,4,4,3,5,5,1,1
375,R_5H7xW1BEkqumDVU,2,1,1,4,4,5,1,1,1,,1,1,2,3,1,2,4,4,2,4,4,2,4,2,5,,2,1,1,1,5,1,1,,1,4,4,1,4,1,2,,1,1,5,1,1,4,1,1,1,1,3,6,6,2,3,2,3,1,80011,3,1,,2,,5,4,5,4,2,4,2,2,2
2035,R_7Kr8tw3qGKHf8u5,2,5,4,,4,4,1,1,2,4,1,1,1,2,2,5,4,5,2,3,4,1,2,3,2,4,4,4,3,1,5,3,2,2,4,4,3,3,4,2,1,3,2,3,2,,2,3,4,1,2,4,4,5,6,3,5,1,3,3,80909,4,2,,2,,2,4,4,4,2,4,5,1,1
383,R_5nNEsju5lzk3ebo,2,1,5,2,4,3,2,4,2,4,2,4,2,4,2,5,5,5,5,5,4,1,5,5,5,5,5,5,1,1,3,2,4,5,1,2,5,5,5,5,5,5,5,2,4,2,2,4,5,1,1,1,7,1,7,3,5,1,2,5,80011,2,1,,5,,3,5,5,5,5,3,2,5,5
1141,R_7M4YEneRRemybEZ,2,4,1,4,1,1,1,1,1,2,4,1,1,4,2,4,5,5,2,1,5,4,5,1,1,4,4,4,5,1,2,4,2,4,4,5,4,2,4,1,2,5,2,4,5,2,5,1,5,2,2,5,7,6,7,5,6,2,3,4,80621,2,2,,3,,3,1,1,1,5,4,1,1,1
690,R_7FafdJvpt1XUcA9,2,1,1,1,1,2,1,2,1,1,1,1,1,1,1,4,1,3,5,2,5,2,4,4,4,5,1,4,2,1,2,2,,2,4,4,4,2,1,2,1,,2,4,4,4,2,1,4,2,5,4,7,2,6,6,6,2,2,1,80517,7,1,,3,,5,2,2,2,3,5,5,1,1
462,R_1U8X2N99k96Kv0g,3,4,1,1,1,1,1,1,1,1,1,4,1,3,3,5,1,3,1,4,5,1,4,1,1,5,1,2,1,1,5,2,2,1,1,1,1,1,4,1,2,1,4,1,1,5,2,3,4,1,1,2,6,4,2,5,5,1,2,2,80906,2,2,,2,,3,1,1,2,2,2,2,2,3
330,R_5SvirdzXO7xsmoy,3,3,1,1,1,2,2,2,2,3,2,2,2,2,2,2,1,1,2,1,1,2,1,1,2,1,2,2,1,1,1,3,2,2,1,1,2,1,1,1,1,2,2,1,3,2,1,2,1,1,1,1,3,2,1,1,2,1,4,1,80908,3,1,,3,,4,1,1,1,5,5,5,1,1
381,R_6a8h7GA9uktJJnP,3,3,1,1,1,1,1,1,1,2,1,3,3,3,3,5,1,1,5,1,1,1,1,1,4,1,1,5,1,1,1,5,1,1,1,3,1,3,2,1,1,1,4,1,1,1,,5,3,5,1,3,7,7,7,7,7,2,6,6,80465,7,2,,2,,2,1,1,1,1,5,5,1,1
657,R_71HpuN39H89u5Hz,3,,3,,,,2,4,4,,,,,,,,1,1,5,4,5,5,5,5,5,1,1,4,4,1,5,1,,,1,1,1,5,1,1,3,1,5,1,1,1,1,5,5,5,,1,6,6,3,6,6,2,3,3,80525,6,2,,3,,5,1,2,2,2,1,1,5,1
379,R_7CxLJJnGmzT7FrJ,3,2,,,,2,,5,5,,,,,,,5,2,,,1,1,4,1,2,4,1,2,,1,1,2,4,1,,2,2,2,4,2,1,1,3,,1,2,2,2,,2,4,1,1,5,5,5,6,5,2,5,6,80019,3,1,,3,,1,1,1,1,5,4,5,1,1
649,R_3qmAdD3ANKK7uWV,4,2,1,1,1,,,5,4,4,4,4,5,4,2,5,5,5,5,5,5,5,5,5,5,5,5,5,5,1,5,5,5,5,1,5,5,5,5,5,5,5,1,5,1,5,5,1,5,5,1,5,7,7,7,7,7,2,5,7,80921,3,2,,1,,6,2,4,3,1,3,3,1,1
751,R_64uwxOpmuxKiN1P,4,,2,,4,4,4,,,,4,,4,4,4,,,,4,,,1,,,5,,3,5,,1,,5,4,5,,5,,5,,1,1,4,5,4,1,4,,1,1,4,2,,7,7,7,6,6,2,5,5,80021,3,2,,3,,4,3,1,3,3,4,4,1,1
451,R_3K6UXrSgcHKonCW,4,2,3,4,4,2,4,5,4,2,4,3,4,4,4,4,2,2,4,2,4,4,,2,4,3,1,1,1,1,4,4,2,4,2,,4,4,2,1,2,,5,4,2,2,2,4,4,4,1,1,7,7,7,6,6,2,5,6,80132,4,2,,3,,3,2,2,2,4,5,5,1,1
1365,R_3EibkbbQCInUfjk,4,2,1,5,5,3,,4,,2,,4,3,,,4,2,3,3,,3,3,3,,,3,4,3,4,1,,4,,4,3,4,,4,4,2,2,4,4,3,,,2,3,4,,3,3,6,6,6,4,4,2,5,6,80226,7,1,,3,,5,2,2,2,3,1,1,3,3
3128,R_7Ej0rYdoFCcORAs,4,4,1,2,2,5,2,,4,4,1,5,5,2,4,2,5,2,2,2,5,1,2,4,2,4,2,4,2,1,5,5,4,5,2,2,5,2,4,1,5,,2,,5,2,4,4,1,2,2,4,5,3,6,6,6,2,6,6,94565,3,2,,1,,5,3,3,4,5,4,3,1,1
370,R_7nirk3wIK0Wsn2v,4,2,5,5,4,1,2,4,5,4,4,2,2,1,3,4,2,2,2,2,2,4,4,4,,5,2,,4,1,4,2,5,1,1,5,4,4,4,2,1,2,1,4,4,4,5,3,2,2,,1,6,3,6,6,6,2,3,2,80239,2,1,,3,,6,2,4,2,5,4,5,2,4
385,R_1Ny0kdrk27VGova,4,3,3,2,3,3,3,3,3,3,3,3,3,3,5,4,3,3,3,4,4,3,3,3,3,3,4,3,3,1,4,1,4,1,3,3,3,3,4,3,4,1,5,3,3,3,4,1,3,4,1,3,4,6,6,5,5,1,3,3,80528,2,1,,2,,5,3,3,3,4,3,3,1,4
385,R_1pU0avMq0f37Wal,4,3,3,4,4,3,3,3,3,4,3,3,5,3,,5,1,3,3,2,3,,3,,3,1,2,,1,1,2,2,3,3,2,4,3,3,2,3,1,3,3,2,3,4,3,1,3,3,2,4,7,7,4,7,7,1,3,2,80219,3,2,,3,,1,2,2,3,4,5,5,1,1
484,R_5YMvKjKXfatMi7n,4,2,4,2,4,4,2,4,4,4,4,2,4,4,4,2,2,2,4,4,4,4,4,4,4,4,2,5,4,1,4,4,4,5,4,4,4,4,4,2,4,,4,4,4,4,4,4,2,4,4,4,2,6,6,3,6,2,2,1,80206,2,1,,1,,6,3,4,2,4,3,2,4,3
737,R_74CegufVdJFtENX,4,4,1,5,4,4,5,4,1,,3,2,3,5,5,5,5,5,,4,5,1,5,4,3,5,4,3,4,1,5,,4,3,3,3,4,,4,3,3,3,5,5,2,2,3,5,1,,3,3,7,6,6,6,6,1,5,4,80514,4,2,,5,,5,4,2,2,3,2,5,1,1
451,R_3SHmy4xbZ7aSt2c,4,4,2,2,4,5,5,4,4,2,2,5,5,3,5,5,5,3,5,5,5,4,2,2,5,4,4,3,1,1,5,5,5,5,3,4,5,3,2,2,5,3,4,4,5,1,4,4,1,2,1,4,6,5,3,4,5,2,6,6,80021,2,2,,1,,5,3,2,5,3,1,2,3,5
838,R_25qYqSJ1y4ywS4h,4,1,1,1,1,1,3,1,1,1,1,1,,5,5,5,5,5,3,5,5,3,5,5,1,5,5,4,1,1,1,5,3,3,5,4,3,3,5,1,5,3,5,3,1,1,4,5,3,3,3,3,6,7,6,6,7,1,2,5,80229,7,2,,2,,6,4,3,4,4,5,5,1,1
441,R_5ygVv2X0LvZoLEB,4,4,1,4,5,4,2,1,2,4,2,4,2,4,5,2,4,4,2,2,4,2,2,4,1,4,2,2,1,1,4,2,4,3,1,5,1,1,5,2,2,4,1,2,4,2,5,2,1,5,1,5,2,6,2,6,1,2,1,3,80528,3,1,,2,,5,3,5,2,4,3,3,4,5
732,R_1VbXVAj04XjNnR7,5,5,1,3,2,4,5,5,5,3,5,5,5,5,5,1,2,2,5,5,3,5,3,1,5,5,5,5,5,1,5,2,5,5,3,4,4,5,5,5,5,5,3,5,5,5,1,5,1,5,1,2,5,5,5,5,5,2,3,1,80013,2,3,,3,,1,1,1,1,5,5,5,1,1
562,R_6fH8MbS6UMpJGb7,5,1,5,1,1,5,1,1,1,1,1,1,1,1,1,1,5,1,1,5,5,1,5,5,1,1,5,1,1,1,5,1,1,1,1,1,1,1,1,5,1,1,1,5,1,1,1,1,1,1,1,1,6,7,6,6,6,2,2,2,80919,6,1,,1,,4,4,3,4,5,4,3,5,3
560,R_3cvDpGNIBQPG6mi,5,5,5,5,1,5,1,1,1,5,,5,1,1,1,5,5,3,5,,1,1,,,,1,1,,1,1,1,,,3,1,,,,,3,1,3,,,1,1,,1,1,3,3,,7,7,7,7,7,2,2,6,80216,4,3,,5,,4,1,1,5,1,5,5,1,1
469,R_3BaqMI0eOCvTZjB,5,1,5,2,2,2,2,1,1,5,1,1,1,1,5,1,5,1,1,1,5,1,1,5,1,1,5,1,1,1,3,2,1,1,5,4,5,1,5,5,5,1,1,2,2,1,2,1,5,1,5,5,2,7,7,7,4,2,4,3,80543,2,1,,5,,4,1,1,1,1,5,5,1,1
721,R_53xs7LvVJ54tov7,5,5,1,2,5,4,3,3,3,5,5,5,3,3,4,1,3,4,3,4,4,2,4,5,4,5,3,2,4,1,5,5,5,1,5,4,5,3,3,4,5,1,4,5,4,2,3,4,4,3,4,4,7,4,1,1,1,2,5,3,80129,6,1,,1,,6,3,3,1,3,5,5,1,1
569,R_11ugDmixb7hsrCo,5,1,1,1,1,1,1,5,5,1,1,1,5,1,1,5,1,1,5,1,1,5,1,1,5,1,1,5,1,1,2,4,1,5,1,1,1,5,1,1,1,5,1,1,1,1,1,1,1,1,1,1,6,6,6,6,6,2,6,3,80203,3,2,,2,,3,1,1,1,5,4,4,1,1
698,R_6NuemdxRhN2iIQ9,,3,5,5,3,4,4,2,1,4,,5,4,4,,1,4,3,2,3,3,,5,5,,2,,,,1,5,4,4,,,,4,,2,,,,,,,,1,,,,,,5,4,4,2,4,2,3,3,80228,7,1,,1,,3,3,2,3,3,1,2,3,4
437,R_52F6uzpbYRkSdsl,,2,4,,4,3,2,4,1,1,1,4,5,4,4,5,1,1,5,5,1,5,1,1,5,1,1,5,1,1,4,4,5,5,1,4,5,5,4,1,1,,1,1,4,2,1,4,1,1,5,5,7,7,1,7,7,2,2,3,80501,2,1,,5,,4,2,2,1,1,5,5,5,1
929,R_6gL8cxUEdPMeErh,,4,2,2,4,3,2,1,1,5,1,1,1,1,1,5,,5,2,5,5,1,,4,1,2,2,,,1,4,4,3,2,3,,2,2,,4,2,,4,,,2,4,,,2,,2,6,5,5,5,5,1,4,3,80634,6,2,,2,,5,3,3,3,3,3,3,3,3
656,R_50Z2jlyIqHdpoYe,,4,3,,5,2,,,,1,,,,,,4,2,,,1,,,3,,,,,,5,1,5,,,,,2,,,,4,,,,,3,,,,,,,,6,3,2,5,7,1,4,2,80236,7,1,,2,,4,3,4,4,2,1,1,2,5
1387,R_6qxZ6iz23ArrqUD,,1,1,1,1,1,,,,1,,,,,,3,1,1,4,2,1,1,2,2,1,2,1,4,1,1,4,1,1,,1,1,1,,1,1,1,,1,1,1,2,1,1,1,,,,6,5,5,5,5,2,4,3,80917,7,2,,3,,4,4,4,4,1,1,1,1,4
1031,R_3EWf32Gv0kelRw0,1,1,2,2,1,1,1,1,1,1,1,1,1,1,1,1,1,1,4,1,1,1,1,1,4,1,1,1,1,2,2,2,1,1,1,1,1,1,4,2,1,1,1,1,1,1,2,2,1,1,1,3,6,4,3,3,2,2,2,5,80112,6,1,,1,,5,3,4,3,1,3,2,2,1
501,R_1ilpvjE464jwZSN,1,2,1,1,1,2,2,2,2,2,1,1,1,1,2,4,2,4,2,4,4,2,3,4,2,3,3,2,4,2,3,3,3,4,4,2,2,4,3,3,2,1,4,2,4,3,4,3,3,4,2,3,4,4,4,4,4,2,5,2,80224,6,2,,2,,3,3,2,3,3,3,3,3,1
575,R_6mlotas5bY5bjSv,1,,4,5,4,,1,4,1,2,1,5,1,4,4,5,,5,2,4,5,1,4,5,2,4,4,,4,2,4,4,,,,,3,2,5,1,2,,1,4,1,1,3,4,4,1,5,2,7,4,4,5,6,2,3,2,81648,4,2,,1,,7,2,3,5,5,1,1,1,2
593,R_1vgTkJcTTgFp7m9,1,1,1,1,1,1,1,1,1,1,1,1,1,1,1,4,2,,5,3,3,4,3,3,4,3,2,4,3,2,4,3,3,3,3,3,3,3,3,3,2,3,3,3,,3,3,3,3,4,3,3,6,3,5,5,4,2,6,1,81226,4,2,,2,,2,1,1,2,3,4,5,1,1
662,R_6QmypuAJmjDT50l,1,3,3,4,4,4,1,5,4,3,1,1,1,1,1,4,4,4,1,4,4,1,4,4,3,3,4,1,5,2,4,3,3,4,2,4,2,3,3,3,3,,4,3,3,3,3,4,3,2,2,2,5,5,3,3,3,2,6,6,80126,7,1,,1,,5,4,4,4,3,4,4,1,1
335,R_6ssQaKWmXUhOYGl,1,,1,2,4,4,4,,2,4,1,5,4,4,4,2,4,2,4,4,4,2,4,4,4,4,,4,4,2,5,5,5,3,4,4,4,,4,2,4,,4,,2,,4,2,,,,,7,7,7,7,7,1,5,6,80925,4,2,,2,,2,2,2,1,1,3,5,1,1
479,R_3fSIX1NLKi4T8js,1,2,3,3,3,4,1,1,1,4,1,4,1,2,1,5,4,3,1,1,4,3,3,5,1,5,1,1,2,2,5,4,2,,2,3,3,1,2,2,4,1,1,3,5,2,3,5,2,1,1,3,6,5,6,6,6,2,2,1,80012,3,2,,2,,4,3,4,3,4,4,4,1,2
1887,R_1qOkvZPExWRHhCh,1,1,1,1,1,1,1,1,1,1,1,1,1,1,1,,1,1,1,,4,1,1,,1,1,1,1,5,2,1,,1,,1,,1,1,1,1,2,,5,1,4,5,1,2,4,1,1,1,7,5,7,5,5,2,4,1,80034,6,2,,2,,6,3,2,5,2,5,5,3,5
451,R_78nY4JxWF8TtZjH,1,1,1,1,1,1,1,1,1,1,1,1,1,1,1,5,5,1,1,3,5,1,1,5,1,5,1,1,1,2,5,3,1,1,3,2,2,2,2,5,5,1,1,5,5,5,1,1,1,1,1,1,7,7,4,7,2,1,6,3,20073,3,1,,4,,5,4,2,5,3,5,3,2,2
605,R_6CWFqEiFWweC4w1,1,1,1,1,1,1,1,1,1,1,1,1,1,1,1,1,2,2,4,2,2,1,2,2,1,2,1,4,2,2,4,2,,2,2,2,2,2,1,1,1,,1,1,1,2,2,2,1,2,2,2,6,5,2,2,5,2,4,3,80917,7,2,,3,,4,1,4,3,5,1,1,1,1
654,R_5qUw8cBVlVPldxn,1,2,1,1,1,2,1,1,1,2,1,1,1,1,1,3,2,4,1,4,5,2,4,5,3,5,2,2,4,2,3,4,3,1,3,2,2,2,3,1,1,1,2,4,2,1,4,2,3,1,1,1,6,7,5,3,3,2,5,5,80116,7,2,,3,,4,2,3,3,4,2,3,2,2
734,R_7zBYfdnPQi9Au5A,1,2,3,3,4,2,2,5,4,2,1,1,1,2,1,4,5,5,1,2,3,2,2,2,4,2,3,2,2,2,1,2,1,,3,3,3,3,3,3,3,,5,2,2,2,3,3,3,3,4,3,5,7,4,5,5,2,5,1,80011,6,2,,1,,5,3,3,4,3,1,1,2,1
1054,R_7nqPCPjzeTNMduf,1,1,3,3,4,3,1,5,2,5,2,3,5,1,1,,2,4,1,4,5,2,4,4,1,4,3,4,4,2,3,5,3,2,2,3,2,2,3,4,2,,5,3,4,1,,5,5,3,3,3,5,5,4,5,5,2,6,6,80201,6,1,,2,,3,2,2,1,4,4,5,1,1
735,R_3DPgxy5r9eg8XEt,1,1,,4,1,1,1,1,5,1,1,1,1,1,1,1,2,1,4,3,,4,3,1,3,1,1,1,2,2,5,,1,3,4,,1,3,,1,1,1,1,1,1,1,1,2,,4,1,2,7,7,4,2,5,2,2,3,80018,4,2,,2,,4,3,2,4,1,5,5,1,1
542,R_7IQBXrfnGy46HfO,1,1,,3,3,1,1,1,1,3,1,1,1,,1,4,4,4,1,4,5,1,4,4,3,4,4,5,4,2,5,4,3,1,4,4,,1,,3,,1,1,4,3,1,4,4,5,1,1,,6,7,5,3,3,2,3,4,81007,6,2,,3,,4,3,3,2,3,2,3,2,3
413,R_3P2Ch7IKdVADuEN,1,1,1,1,1,1,1,1,1,1,1,1,1,1,1,4,2,3,4,3,3,3,3,3,3,3,2,3,3,2,1,4,3,,3,3,3,3,3,3,3,,4,3,4,3,3,1,3,3,3,3,5,5,5,6,5,2,5,7,80226,7,2,,2,,2,1,1,1,5,5,5,1,1
632,R_5KD88JFFRoVheAJ,2,4,1,1,1,5,1,1,1,5,1,5,1,1,1,5,2,4,5,1,5,4,2,2,1,5,1,1,4,2,5,4,4,,2,1,5,1,4,1,4,,5,5,4,1,5,4,4,1,4,1,5,6,7,6,6,2,2,4,80840,4,2,,2,,5,3,2,3,3,4,5,1,1
784,R_34Da5j2hWSModqe,2,4,2,1,1,4,1,4,1,2,2,2,2,2,2,5,1,4,4,4,5,4,4,4,4,5,1,4,4,2,4,4,,,4,4,4,2,1,4,2,4,3,4,4,4,4,1,4,2,5,4,6,6,6,2,6,2,2,1,80517,7,3,,3,,5,2,2,2,2,5,5,2,2
491,R_6cq4mWCVK9nhBA2,2,3,3,3,3,4,4,3,4,1,1,1,1,2,1,2,2,2,2,2,2,2,2,2,2,2,2,2,2,2,3,3,1,3,1,5,4,1,2,2,3,1,1,1,5,1,3,4,1,1,1,1,3,3,3,3,3,2,3,3,80011,2,2,,2,,4,3,3,3,3,3,3,3,3
503,R_6cUNDbAGA56U71E,2,4,2,2,1,4,2,4,4,4,2,5,2,4,5,4,2,2,4,2,4,2,4,,,5,,,,2,4,4,2,,,,,2,4,,,,,,,4,,4,,,,,5,3,5,5,3,1,3,6,80018,2,2,,3,,3,1,1,1,4,3,3,1,1
947,R_5WlzzZHyCa5sQ49,2,4,2,4,4,4,4,2,2,4,2,4,2,4,4,4,4,2,2,2,4,1,2,2,2,2,4,2,4,2,4,4,2,3,4,3,2,3,2,2,3,3,3,2,3,2,3,2,2,2,4,4,5,5,6,3,3,2,4,6,80538,3,1,,3,,4,4,3,3,3,3,4,3,1
461,R_6E7htpcNSipTIcN,2,2,1,2,2,,1,2,1,1,2,2,,2,2,1,2,,2,,2,,,,2,,,2,,2,2,2,1,,2,,2,2,,,,,1,2,2,2,2,1,2,2,2,1,4,3,3,3,3,2,5,3,80033,5,1,,4,,6,4,3,4,4,1,1,1,1
516,R_6Pb6Mnq6XaRdC4u,2,2,1,2,2,2,2,3,2,2,2,2,2,2,1,1,2,4,2,2,2,1,2,4,2,2,2,2,2,2,4,3,5,3,2,3,3,2,1,4,1,,,5,,,,,,,,,5,5,2,1,1,2,4,2,80015,5,1,,3,,4,3,3,3,1,1,1,3,1
592,R_12GDAfPRtwpU7Dp,2,5,5,1,5,4,1,5,1,1,2,1,1,1,1,4,3,2,1,2,3,4,1,2,2,2,2,4,2,2,4,5,5,4,3,4,4,4,5,4,1,3,5,4,4,4,1,4,4,2,2,1,5,6,6,6,6,1,1,1,80205,6,2,,3,,2,3,2,3,4,3,3,3,3
511,R_5jrWZq7oeze4HLE,2,3,3,3,2,3,3,3,3,3,3,3,3,3,3,4,3,4,3,4,3,4,3,3,3,3,3,3,3,2,3,3,3,3,3,3,3,3,3,2,2,3,3,3,3,3,2,3,3,3,2,3,6,5,5,5,5,2,5,2,80249,6,2,,2,,4,3,3,3,3,4,3,3,3
465,R_5HnO7yDII81Pfvq,2,,2,2,4,4,2,,,,,4,,,2,2,2,2,,2,,,4,,,,,,2,2,5,4,2,,1,4,3,2,3,1,1,,4,,,,,3,,4,1,1,7,6,6,4,5,2,4,5,80923,4,1,,3,,4,2,2,3,3,2,2,1,2
512,R_6WOkTm1090bS9D6,2,2,2,2,4,4,3,4,4,5,5,4,5,4,5,5,5,2,4,4,5,3,3,5,1,4,2,2,2,2,2,5,4,4,5,4,4,5,4,4,4,2,5,4,3,3,5,5,5,2,4,5,7,7,7,7,7,2,5,3,81082,2,2,,2,,1,1,1,2,3,5,5,1,1
376,R_6rJ8fteTsRMPqUN,2,2,4,4,4,2,4,4,3,4,5,2,2,4,4,5,2,4,4,2,2,4,2,4,2,4,4,2,4,2,4,4,4,1,2,2,4,1,2,2,2,2,2,4,4,2,4,4,1,1,4,3,3,5,3,5,5,1,5,4,80910,3,1,,2,,3,2,3,4,2,1,1,5,5
352,R_1PYPbpISYI7Cdjl,2,2,4,4,,,2,5,5,2,2,2,,2,2,5,4,4,,,,4,,,,1,,2,1,2,1,,1,5,4,4,,4,,4,,3,2,2,4,4,4,4,2,4,4,2,6,6,6,5,6,2,3,6,80033,3,1,,2,,2,2,2,2,2,5,5,1,1
458,R_1lFjInmU847R4pr,2,2,2,3,3,3,2,4,5,3,3,3,3,3,3,5,5,4,4,2,3,3,2,2,2,2,4,2,3,2,4,4,2,3,4,4,2,2,4,3,4,2,5,4,2,4,4,4,4,2,3,3,5,3,4,6,3,2,7,7,80031,2,2,,5,,4,2,1,3,3,4,5,1,1
440,R_7JCyvmHtHkwKebC,2,4,1,1,1,1,1,2,1,4,2,5,4,2,2,4,4,,2,2,5,2,2,4,2,4,2,2,1,2,4,5,2,5,5,2,,2,4,4,5,2,5,,1,5,5,5,5,2,4,1,5,6,6,5,5,2,3,3,80918,2,2,,5,,5,3,3,1,3,5,5,1,1
353,R_6nQ4dEspJhxHizC,2,2,3,4,3,5,2,1,1,1,1,2,2,1,2,2,1,,1,2,2,1,2,4,1,2,5,2,,2,,2,1,1,5,2,4,2,1,2,,2,,2,1,2,3,2,,1,5,2,6,5,5,5,5,2,3,4,80016,5,1,,1,,6,3,3,3,2,2,2,3,5
643,R_1A0Qmy3oJYxIrAM,2,,2,5,4,3,1,3,3,,2,2,,2,2,4,4,4,3,4,4,2,4,3,2,3,5,3,4,2,4,4,3,3,1,3,4,3,2,3,3,2,4,3,3,2,,3,,2,4,,5,5,4,1,2,2,4,5,80543,7,1,,1,,6,3,2,2,3,3,4,2,2
518,R_7De75D6hIzapJ3r,2,2,2,2,4,4,2,5,4,2,2,4,2,2,1,4,2,4,4,4,4,4,4,4,4,4,4,2,2,2,4,4,2,4,2,2,4,4,2,2,2,,2,2,2,4,4,4,4,4,2,4,6,5,5,5,6,2,5,5,80021,5,1,,2,,3,2,2,2,2,3,3,3,2
1137,R_5ugi8niEu0Yc7mN,2,2,4,4,4,2,2,4,4,1,,,,1,4,4,5,5,2,5,5,2,5,5,2,4,4,2,5,2,4,2,3,,2,2,4,2,3,3,2,1,2,3,3,4,1,2,4,1,3,2,3,3,2,3,4,2,6,3,80919,7,1,,1,,6,2,2,3,3,2,2,3,2
927,R_76nUPcGNwuV3opX,2,2,2,2,,4,4,2,2,4,2,2,2,2,2,2,2,2,2,2,2,2,2,2,2,2,2,2,2,2,,2,2,,1,2,2,2,2,,1,,1,2,,2,,,,2,2,,5,3,3,5,5,2,1,1,81001,2,1,,5,,5,4,3,4,3,3,2,4,3
363,R_3ZNQUbtd39gjzDk,3,3,3,3,3,3,3,3,3,3,3,3,3,3,3,3,3,3,3,3,3,3,3,3,3,3,3,3,3,2,3,3,3,3,3,3,3,3,3,3,3,3,3,3,3,3,3,3,3,3,3,3,6,5,1,1,4,2,3,3,80918,4,2,,2,,5,2,2,2,2,5,5,1,1
833,R_5PiZmYwgwRFcGNh,3,,1,1,1,2,1,2,2,,3,1,1,2,2,5,3,4,4,3,2,1,3,,3,3,3,3,1,2,4,2,2,4,3,4,4,3,4,2,2,3,3,,3,4,3,1,3,3,3,,7,6,3,3,6,2,5,3,80229,2,2,,3,,2,2,1,2,4,5,5,1,1
499,R_1jY26IKgohOWSmB,3,4,4,2,4,4,4,5,2,4,2,4,2,2,2,5,2,4,2,2,2,4,5,4,2,2,4,4,2,2,4,2,4,4,4,4,4,4,4,4,4,3,3,3,3,3,3,3,3,3,3,3,6,4,4,4,4,2,3,2,80021,5,1,,2,,2,3,2,2,2,1,1,1,1
560,R_7sWPc40uiCEbxJn,3,2,3,,3,1,3,3,3,,3,1,3,3,3,4,2,,3,3,3,1,3,3,,3,3,,3,2,4,4,4,3,,2,1,3,3,1,2,3,1,2,1,1,4,4,4,3,4,3,5,5,5,4,5,2,5,4,81416,4,2,,2,,1,1,1,1,1,5,5,1,1
424,R_6BWwetIeePQNJ0e,3,3,1,1,3,3,3,3,3,3,3,3,3,3,4,5,4,3,3,3,3,4,4,3,3,2,3,3,4,2,1,2,3,3,3,3,4,3,4,2,1,3,2,2,2,3,3,2,2,3,3,3,5,6,5,6,6,2,3,4,80013,3,2,,3,,4,2,2,2,2,4,4,1,1
543,R_7J9veBXLSY55uAK,3,3,2,2,2,3,3,4,4,2,2,3,3,2,2,2,4,2,3,3,3,1,2,3,3,,,,,2,1,4,3,3,2,3,4,3,3,,,,3,2,3,4,1,3,4,3,2,2,6,5,4,2,3,2,5,3,80004,5,1,,3,,6,4,4,4,2,4,4,2,2
600,R_51pPrlcbfbxByd3,3,2,1,2,1,4,3,4,1,4,3,4,2,2,1,4,2,2,3,2,4,4,2,2,1,4,3,2,4,2,3,4,1,1,2,2,4,2,3,2,2,2,2,2,4,3,2,2,2,3,1,2,3,4,3,5,3,2,6,6,80104,5,1,,3,,2,1,1,1,5,5,5,1,1
973,R_1B6wYxTFAggLE3v,3,4,4,3,2,4,1,3,2,4,1,1,1,2,2,4,3,2,3,4,4,1,4,4,2,4,5,4,4,2,2,3,4,3,4,4,4,3,3,3,4,2,4,2,5,3,2,4,4,3,3,3,5,6,5,4,6,2,2,3,80634,7,1,,3,,4,4,2,3,3,4,5,1,1
534,R_6pnEP7qmFHRNzWF,3,3,3,,3,3,3,3,3,3,3,3,3,3,3,4,4,4,4,4,4,4,4,4,4,4,4,4,4,2,1,4,4,3,3,3,3,3,3,3,3,3,3,4,3,3,3,2,3,3,3,3,7,6,7,7,6,1,3,5,80018,6,2,,2,,1,3,2,3,4,5,5,1,1
350,R_1NhoHo1CDsDBSwM,3,3,1,2,2,3,2,2,2,3,2,3,2,2,2,3,3,3,3,3,3,2,3,3,3,3,3,3,4,2,4,2,2,2,2,2,2,2,2,3,2,2,2,2,2,2,2,1,2,2,1,2,2,5,2,2,2,2,5,4,80465,6,2,,1,,7,3,2,1,1,1,1,1,5
559,R_5Qry8bZhGik30UP,4,4,2,2,2,2,2,2,2,4,2,4,2,4,4,4,5,4,3,4,4,1,4,4,4,4,2,5,3,2,3,1,2,1,4,2,2,2,2,3,3,2,3,2,3,2,4,1,3,1,1,3,5,5,4,4,4,2,6,4,81226,7,2,,1,,6,3,3,2,2,1,1,2,5
275,R_69TTkLqpSpz10Hf,4,4,1,1,1,4,4,,3,3,3,3,3,2,2,4,4,2,1,,1,,4,4,,1,4,,4,2,5,4,4,3,4,2,3,1,,2,2,2,4,,3,4,5,3,4,,3,2,6,6,6,6,7,2,5,2,80919,2,2,,1,,5,1,1,1,2,2,1,2,3
796,R_5r0pFmc2zQMWKf2,4,3,3,3,4,3,3,3,4,5,3,3,5,5,5,4,4,4,4,2,5,5,5,4,4,2,2,2,2,2,2,2,3,2,3,4,4,4,4,5,5,1,5,5,5,5,5,5,1,1,1,1,5,5,5,5,5,2,6,4,80201,4,2,,2,,7,5,5,5,4,5,1,1,1
624,R_314KlEUa4JvqbTV,4,1,5,5,4,1,1,4,4,1,4,1,1,1,1,5,5,4,2,2,4,5,4,4,1,4,5,1,4,2,3,5,2,2,2,2,1,4,4,3,5,1,5,1,1,4,4,4,2,1,5,3,6,6,5,6,6,2,6,6,80020,5,1,,3,,3,3,2,2,3,1,1,1,1
698,R_79hw4NOar2eANz3,4,2,1,1,1,4,,4,,2,,,2,4,,4,4,,,4,4,1,4,4,2,4,,,4,2,4,2,4,3,2,5,4,,,2,1,3,4,,2,,2,,,,1,1,6,6,6,5,5,1,6,4,80920,6,1,,3,,5,2,2,1,2,3,4,2,2
431,R_6PAB0l3E6Wswjis,4,2,4,3,4,3,4,2,4,4,3,4,2,4,3,3,2,4,5,2,4,2,4,4,4,3,4,2,4,2,4,5,5,,2,4,4,4,2,4,4,3,4,2,2,4,3,4,4,4,5,4,5,5,5,5,4,2,2,2,80537,4,2,,3,,6,3,3,3,4,3,3,3,5
521,R_1BEQ30Vk9k56BRT,4,4,2,2,3,4,2,2,3,3,3,5,3,4,3,5,4,3,3,4,4,2,4,4,2,4,3,2,4,2,4,3,2,2,1,3,3,3,3,3,4,2,3,,3,5,3,3,4,3,5,3,5,4,4,4,4,1,5,4,80010,3,2,,2,,1,1,1,1,1,5,5,1,1
609,R_53yhnGgvVGhFIg4,4,2,2,2,2,4,2,4,4,2,2,2,2,2,2,5,3,3,2,2,3,1,3,3,3,4,,,2,2,2,2,2,4,3,2,,2,1,,3,1,2,1,,3,2,3,3,,3,2,5,4,4,3,4,1,5,6,80108,5,1,,2,,4,2,1,1,4,3,1,1,1
472,R_3r1hWTrHfC3SI97,4,4,,4,2,4,5,2,3,4,,4,4,5,5,4,5,4,,2,2,1,4,,2,1,2,,4,2,4,4,,4,2,4,,3,4,2,1,3,,2,1,4,5,4,2,,4,2,6,6,6,5,5,1,3,4,81521,2,2,,1,,5,2,2,2,3,4,5,1,1
501,R_6CZQjuCTMsdCIOl,4,4,2,2,2,4,4,4,4,2,4,4,2,2,2,4,2,2,4,2,2,2,2,2,4,2,2,4,2,2,2,4,2,4,2,4,3,4,3,2,2,3,3,2,3,3,3,3,3,3,2,3,7,6,6,6,6,1,3,4,80219,5,1,,3,,4,3,3,3,1,3,3,1,1
475,R_1oStgLcB8hzRy0h,4,2,1,2,4,2,2,4,1,2,2,4,4,4,4,4,2,5,4,4,2,4,3,4,,2,,4,2,2,2,4,4,5,,2,4,4,,4,,4,2,,,4,4,,,4,,5,6,6,6,7,6,2,4,3,80003,3,1,,3,,2,1,1,2,4,5,5,1,1
652,R_5MSAdLOZ5vGwQS5,4,4,2,2,3,1,1,1,1,5,1,1,1,1,3,1,2,5,1,5,5,1,5,5,1,3,5,1,4,2,5,1,5,1,3,4,2,1,3,2,2,,1,1,1,5,3,1,1,1,3,5,5,4,4,1,1,2,2,3,80816,5,1,,3,,4,5,3,3,5,2,2,3,2
356,R_5bjzccZrre74ru1,4,2,1,4,2,4,2,2,2,2,2,4,4,5,4,4,4,4,2,2,2,1,2,4,2,2,2,4,4,2,5,2,4,2,4,5,2,2,2,2,2,4,2,4,4,4,2,1,2,2,2,5,6,6,1,1,2,2,5,6,80128,3,1,,1,,7,5,5,4,5,1,1,1,5
450,R_6rB6zRFUNcy9fHa,4,2,1,2,2,2,,2,2,4,,4,4,4,4,5,2,2,4,2,2,4,2,2,4,1,2,4,2,2,1,4,1,5,1,1,,,,2,2,3,4,1,4,,,1,4,4,,,7,7,7,7,7,2,5,3,80220,6,2,,2,,1,1,1,1,1,5,5,1,1
412,R_3DhwMtFVyY3P62V,4,2,3,4,3,2,4,2,2,2,3,2,2,1,1,5,5,4,3,4,4,2,4,4,1,3,,1,4,2,3,4,3,3,4,4,3,4,1,4,5,1,5,1,5,3,4,5,3,3,5,,5,5,5,2,4,1,5,3,80205,3,1,,3,,3,1,1,1,5,5,5,1,1
1715,R_3kb69MbWio6GCWc,4,,5,1,1,4,,5,1,,1,5,4,,2,,5,2,3,4,5,3,4,,1,5,,1,4,2,4,,5,,5,2,,1,4,,5,,5,4,,2,1,,5,1,2,4,5,1,4,5,5,2,5,6,81005,6,1,,3,,4,2,3,2,3,2,4,2,3
642,R_7IRHiyoGFjpcnBE,5,1,4,4,4,3,3,4,4,2,4,2,4,5,5,4,1,4,3,4,4,2,4,4,3,4,1,5,4,2,1,3,1,5,3,3,4,5,4,2,1,,1,3,1,2,2,4,3,5,1,1,7,7,6,5,5,2,6,3,80206,7,1,,3,,2,1,1,1,1,5,5,1,1
964,R_6qWZw8aD72JlcXO,5,4,1,1,4,4,3,,,3,1,2,,4,1,5,2,2,3,3,3,4,2,2,3,1,2,3,2,2,1,3,2,,,4,,,1,,1,,2,4,,,,1,4,,,,5,5,7,5,6,2,3,1,80239,3,3,,3,,3,2,1,1,4,3,5,2,1
362,R_6AFtsHRUPYJ9KeO,5,5,5,4,4,4,4,2,2,4,4,4,2,5,4,4,4,4,4,2,4,4,4,4,4,4,4,4,4,2,2,4,2,3,4,4,4,4,4,2,4,3,4,4,4,4,2,2,4,4,2,4,6,6,6,6,6,2,6,3,31006,7,2,,1,,7,5,5,5,2,2,2,5,5
311,R_5Ra0h8Ufw7IqueT,5,3,4,4,3,2,5,2,4,2,4,2,4,2,3,5,4,2,2,2,2,3,4,4,4,5,2,2,3,2,4,4,2,5,2,4,4,4,4,2,2,2,3,2,2,3,2,3,2,5,2,1,6,6,6,6,5,2,5,6,80203,2,2,,2,,3,1,1,2,3,5,5,2,1
698,R_512gyZGfWaLwElr,5,2,1,1,2,2,,4,2,2,,2,1,1,1,5,1,,,1,2,5,2,2,,1,1,,1,2,2,4,2,4,1,2,2,,2,2,2,3,,1,2,,,4,,,1,1,7,7,7,7,7,2,5,6,80013,4,2,,3,,3,2,1,1,1,5,5,1,1
655,R_6FVUUEPTzVFkCQ8,5,5,2,2,5,5,4,4,4,5,5,4,5,5,3,5,1,5,4,5,5,3,5,4,1,5,5,4,5,2,5,2,5,5,3,4,5,5,4,5,2,4,2,4,5,4,5,5,5,5,5,5,5,7,5,5,5,2,3,3,80120,4,2,,1,,6,4,4,2,2,4,5,2,2
729,R_52f3vC794pIIjDZ,,4,5,,4,5,,4,,,5,4,5,,,5,4,4,,,4,5,,,,4,5,,5,2,1,4,,5,4,3,5,,2,,,,4,,,,4,5,5,,,,4,5,5,3,5,2,5,3,81130,7,2,,2,,2,2,2,1,3,4,5,1,1
645,R_7fiVMedLNuMY3iP,,4,4,4,,4,,4,,,,,,,,,4,4,,4,,,4,,,,4,,,2,4,,,,,4,4,,4,,,,4,,,4,,,,,,,5,5,5,5,5,2,6,1,80501,7,1,,1,,1,3,2,3,2,2,2,3,4
2315,R_6co4YKrW9yq5ecb,,,1,3,1,,3,,,,,3,,4,1,,,4,,,,1,3,,5,2,,5,4,2,3,,,3,,4,4,3,,1,1,3,,,,,,3,,,1,1,5,5,4,1,4,2,5,5,80919,5,2,,4,Libertarian ,4,3,3,1,5,5,5,1,1
507,R_7s6bJ7TZUxB0frR,,,2,2,,4,,,,,1,,,4,2,4,,,,,2,,,,,2,,4,1,2,1,4,1,5,2,4,,4,2,2,2,5,,1,,4,,,1,,,,6,2,2,5,6,2,2,4,80226,4,2,,2,,1,3,2,1,5,5,5,1,1
702,R_5VyciyYGmPhjMBQ,,4,4,4,4,5,,,,5,,5,,,5,5,5,,,5,5,,5,5,,5,5,,5,2,1,5,2,5,4,,1,,5,,1,3,4,5,5,5,5,5,1,1,4,1,5,5,5,5,5,1,4,3,80269,3,2,,2,,1,2,1,1,2,5,5,1,1
533,R_77Wo7AX8FX6jSkO,,2,2,2,2,2,2,2,2,2,2,2,2,2,2,4,2,3,3,3,3,4,3,3,3,3,2,3,3,2,2,2,2,3,2,2,2,3,2,2,2,3,3,2,2,2,2,2,2,3,2,2,7,5,6,5,6,2,6,3,80303,7,2,,3,,2,1,1,1,4,4,5,1,1
794,R_65mQ5sIzHyz80r7,,3,4,3,,3,,3,,3,3,,,,,,,,,,2,,,,4,1,2,,,2,1,4,3,3,,,2,,1,2,2,3,2,2,2,2,2,,3,,2,2,7,7,7,7,7,2,4,3,80227,6,2,,2,,1,2,2,2,4,5,5,1,1
561,R_6HT609SthgZufL2,,4,,4,4,,,5,4,,,5,4,2,4,2,2,2,4,2,4,4,4,2,,2,2,4,4,2,2,4,4,,4,5,5,4,4,,4,,3,4,,2,2,1,3,,2,2,3,5,5,3,3,2,5,4,80922,3,1,,3,,5,2,3,2,2,2,3,2,3
378,R_5EH2sEwMIVTJWMC,,,4,4,4,2,1,4,4,1,1,3,2,2,,2,4,3,1,,1,1,3,3,1,3,5,5,3,2,4,5,5,4,3,2,5,3,2,3,2,4,4,2,3,3,4,2,3,4,3,3,7,6,5,2,1,2,7,6,80107,3,1,,1,,5,1,1,2,1,1,2,5,3
18774,R_7rUZgHEVNHgjIzZ,1,1,1,1,1,1,1,1,1,1,1,1,1,1,1,4,4,5,1,3,5,3,3,4,4,4,3,3,3,3,5,5,3,3,3,3,,3,3,3,5,,4,3,3,3,3,2,5,3,5,3,5,5,5,5,7,2,3,1,80206,6,2,,1,,4,1,2,2,2,1,3,3,4
1187,R_5MSrtnddPWAkLsj,1,1,1,1,1,1,1,1,1,4,1,1,1,1,1,4,1,4,1,5,5,1,5,5,2,5,5,1,5,3,5,1,5,,3,5,4,1,4,1,5,,4,1,5,3,4,2,2,1,1,4,6,6,5,2,6,2,3,1,80907,5,2,,3,,4,2,2,1,1,1,3,1,3
728,R_3QQCtRF3rkbzNjm,1,1,1,1,1,1,1,1,1,1,1,1,1,1,1,1,3,3,3,3,3,1,3,3,3,1,3,3,3,3,3,3,3,3,3,3,3,2,3,3,3,3,3,3,3,3,3,3,3,3,3,3,4,4,3,3,3,2,4,3,80232,5,2,,1,,7,1,1,1,1,1,1,2,5
4387,R_5VqLSbOVJjfu1xv,1,1,5,1,4,1,1,1,1,3,1,1,1,1,3,5,5,,1,5,5,1,5,5,1,5,5,1,5,3,5,,5,3,,3,5,3,5,5,4,3,5,5,3,5,3,3,4,3,3,,4,5,1,1,4,2,5,3,80022,6,2,,2,,1,1,1,1,1,1,1,3,1
462,R_1HwmRQR4NtXcIVj,1,1,1,1,1,1,1,1,1,1,1,1,1,1,1,3,2,3,3,3,3,3,3,2,3,3,2,3,3,3,3,3,3,3,3,3,3,3,,,3,3,3,3,3,3,3,3,3,3,1,3,6,5,3,3,5,2,5,2,80601,3,2,,3,,4,1,1,1,4,4,5,1,1
1002,R_5Dj2Ab8zn5SOupg,1,1,1,1,1,1,1,1,1,1,1,1,1,1,1,4,4,3,1,2,4,1,3,4,1,4,5,1,4,3,1,1,2,1,3,1,4,1,4,4,3,1,5,3,2,1,1,5,4,1,4,1,7,6,5,4,4,2,5,1,80503,4,2,,2,,2,3,2,1,4,5,5,1,1
536,R_3O7VfC4cuuoBdaR,1,2,1,4,4,5,3,3,3,3,2,4,2,2,1,,4,3,3,4,3,1,3,3,3,3,4,3,,3,4,4,3,3,1,1,1,1,5,3,2,3,3,1,3,3,2,2,4,3,2,3,5,5,6,4,4,2,4,4,80030,3,1,,3,,4,3,2,2,2,3,4,2,3
859,R_6pgtTMugL8kFoX7,1,2,,1,,1,1,1,1,5,1,5,1,2,2,4,4,3,3,4,5,2,4,4,1,4,5,1,4,3,4,2,2,2,4,1,1,1,2,2,5,1,2,2,2,2,5,2,4,1,4,2,3,3,4,5,4,2,2,1,80011,5,2,,5,,4,2,1,2,1,1,1,1,1
627,R_53wv9PaQUtzVRER,1,2,1,1,1,1,1,1,1,2,1,1,1,1,1,3,3,4,3,4,4,2,4,4,4,4,3,2,4,3,2,3,3,2,3,3,,2,2,2,3,1,2,2,3,3,2,2,4,3,3,2,6,6,4,5,4,2,5,3,80010,6,2,,2,,4,1,1,1,4,5,5,1,1
461,R_5PyYg3BXyzZyTr6,1,1,1,1,1,1,1,1,1,1,1,1,1,1,1,5,3,5,2,5,5,1,5,5,4,5,5,5,4,3,4,2,4,4,5,5,2,2,2,5,2,,2,3,5,1,4,3,3,1,3,4,4,6,6,6,6,2,3,5,81520,7,2,,3,,4,2,1,1,1,3,3,1,1
738,R_5YbusfT8GT8f9xP,1,2,2,2,2,1,1,1,3,1,1,1,1,1,1,4,,4,2,4,5,2,5,5,1,5,5,4,3,3,4,3,4,3,2,2,2,1,4,4,3,1,4,4,4,1,4,2,4,1,1,4,2,6,2,1,5,2,4,3,81050,7,1,,1,,1,1,4,4,1,1,1,1,1
879,R_7H1pQyyPgV5Uc2v,1,2,4,4,1,4,2,1,1,1,1,4,2,2,2,4,2,4,2,3,2,4,3,3,2,1,1,3,3,3,4,5,5,3,,4,4,1,4,3,1,1,4,3,2,4,3,1,4,1,1,1,6,5,3,1,1,2,3,3,81050,3,1,,3,,4,3,4,2,3,1,3,2,4
1308,R_133mF5uNPq9Shca,1,4,1,1,3,2,1,4,1,3,1,4,1,1,1,4,1,2,5,2,3,3,3,2,4,2,1,4,1,3,3,4,2,4,2,4,4,4,3,1,3,,4,3,3,2,1,3,3,3,1,2,6,6,5,7,6,2,3,3,80516,7,1,,3,,3,4,2,3,3,5,5,1,1
487,R_5uE3gE28znHeKYx,1,5,3,2,4,5,3,2,1,5,4,5,2,3,3,5,5,1,1,2,3,1,2,2,1,3,4,2,2,3,3,3,3,2,,,3,3,3,3,,,3,3,,,3,3,,3,,3,7,6,1,1,5,2,2,4,80033,3,1,,2,,1,2,3,1,2,5,1,1,2
660,R_7jD0EZUj7C3TIfT,2,3,4,3,3,3,2,2,2,2,2,3,2,4,3,5,5,3,3,4,5,3,4,4,2,3,3,3,4,3,5,4,3,3,3,3,4,4,3,3,3,2,,4,4,5,3,3,4,,3,,6,5,5,5,6,2,2,2,80521,6,2,,2,,4,3,1,3,3,5,5,1,1
710,R_3n1bE2NDjVFJP62,2,2,3,3,3,2,2,3,4,2,2,2,4,2,2,4,4,3,4,4,4,2,4,4,5,4,4,5,4,3,4,4,4,5,3,2,3,4,2,3,3,2,4,2,3,4,3,4,2,3,3,3,6,6,5,5,5,2,5,2,80219,7,2,,2,,5,2,1,1,2,1,1,3,5
385,R_1GDSaSWqxDMwik1,2,1,4,5,3,3,2,4,2,4,3,2,3,3,,3,3,3,3,3,3,3,3,3,3,3,2,3,2,3,3,3,3,1,3,4,3,3,3,4,3,3,4,3,3,3,5,3,4,3,3,4,3,6,4,4,3,2,3,1,80020,6,2,,1,,4,2,2,1,4,1,1,1,5
413,R_6YA4s2jTjPfJfSk,2,2,2,2,4,4,2,2,2,2,2,2,2,2,,4,3,2,2,2,5,2,4,4,2,3,2,2,2,3,4,4,2,2,5,2,4,2,3,2,2,2,4,3,2,3,3,4,3,,4,,5,5,3,3,3,2,3,2,80013,2,2,,2,,4,1,1,1,2,3,3,3,3
2858,R_1ODlwYQ61wOijru,2,2,,,,2,2,,,2,,,,,,3,3,3,3,3,,3,,3,3,3,,3,2,3,3,3,,3,3,,,2,3,,3,3,3,3,3,3,,3,3,4,3,,7,6,5,4,5,2,5,7,80538,7,2,,3,,4,2,2,1,2,5,5,1,1
576,R_5dG4QVd4OmS28fz,2,3,2,2,2,3,2,2,2,3,2,3,2,3,3,3,2,3,3,3,3,,1,3,3,3,2,2,3,3,3,4,3,3,3,3,3,4,2,3,3,3,3,3,3,3,3,3,3,2,3,3,7,6,6,5,5,2,2,7,80134,7,2,,3,,4,3,3,3,3,3,3,3,3
472,R_7OYBUwsrLdcAkOf,2,3,1,1,1,3,1,1,1,4,1,3,1,2,2,5,4,3,1,2,4,3,2,1,1,3,4,1,1,3,1,3,1,1,3,1,4,2,2,3,4,1,1,5,4,2,3,4,3,1,3,1,7,6,4,5,6,2,3,4,80210,3,2,,5,,2,1,1,1,5,5,5,1,1
604,R_7yubXCvIYehEyAN,2,2,3,2,,2,2,4,2,2,2,2,2,2,2,4,2,4,3,4,3,3,4,4,3,3,3,3,3,3,4,3,3,3,3,3,2,2,3,3,3,2,3,3,3,3,2,2,2,2,3,3,6,5,5,6,6,2,6,3,80918,7,2,,3,,4,1,1,1,4,5,5,1,1
597,R_6prD8VbidNqHUGd,2,4,3,4,4,4,3,3,3,4,2,2,3,3,3,1,3,4,3,4,4,1,4,4,3,4,4,4,4,3,5,4,4,4,4,4,3,3,4,4,4,3,2,4,4,4,4,1,4,3,4,4,5,4,3,1,4,2,3,2,80537,7,1,,1,,5,2,2,2,1,4,4,1,1
911,R_3BXxyz7urXzmQwh,2,2,2,2,2,2,2,2,2,2,2,2,2,2,2,2,2,4,2,4,4,2,4,4,2,4,5,3,,3,3,3,3,2,3,3,3,3,3,,,2,3,3,3,2,3,3,3,2,3,2,5,4,4,4,4,2,5,1,80012,7,2,,2,,3,2,2,2,2,3,4,3,3
487,R_1NvXQ5izgesAa8H,2,2,3,3,3,2,3,3,3,2,3,2,3,3,3,4,4,4,3,4,4,3,4,4,3,4,3,3,4,3,4,4,3,3,4,3,2,2,3,3,2,2,3,3,3,3,3,4,4,3,4,3,5,4,5,4,5,2,5,4,80022,6,1,,3,,4,1,1,1,2,4,4,1,1
918,R_7SHsMykDuRwIIKh,2,5,4,4,5,5,4,5,5,4,4,4,2,2,2,5,5,2,,5,4,5,5,2,5,4,4,4,,3,4,4,2,2,2,5,5,5,4,2,2,4,5,4,2,4,3,5,4,4,1,1,7,6,7,6,6,2,3,4,80526,7,2,,2,,2,3,3,2,2,5,5,1,1
893,R_8YgGNDNGpu5b0We,2,3,5,4,5,4,,3,4,3,2,3,4,3,2,,,,,,4,,,,,,,,,3,2,4,1,3,4,,3,4,,2,4,3,4,3,3,2,2,4,3,4,3,2,5,4,6,5,6,2,5,6,80033,4,1,,2,,5,3,4,2,3,2,2,4,5
294,R_1F8jyNHfvaGa6tk,3,3,,3,2,,2,2,,2,2,2,2,,,2,2,3,2,3,,2,,3,3,3,,3,,3,3,3,3,,3,3,3,3,,3,3,,3,,,3,3,3,3,3,3,,3,2,4,3,2,2,2,1,80110,2,2,,5,,4,3,3,3,3,3,3,3,3
560,R_3otVnRXZx0TeF8J,3,3,1,5,3,5,3,3,1,4,3,3,1,3,3,1,1,5,3,3,3,1,3,5,3,5,5,3,3,3,3,4,3,3,3,3,3,3,3,3,5,,3,3,5,3,3,1,3,3,3,3,7,4,4,4,4,2,5,1,80112,7,1,,1,,6,5,5,5,1,1,1,4,4
502,R_5Ic6yWUTTp8G4iw,3,,3,3,3,3,3,3,3,3,3,3,3,3,3,3,3,3,3,3,3,3,3,3,3,3,3,3,3,3,3,3,3,3,3,,3,3,3,3,3,3,3,3,3,3,3,3,3,3,3,3,4,4,4,3,4,2,4,3,80751,4,2,,1,,5,4,3,3,2,1,1,2,4
1005,R_7sYhK5d5sOEjQ05,3,3,3,2,4,4,3,2,2,3,3,3,3,3,2,2,3,3,3,3,3,3,3,3,3,3,3,3,3,3,5,2,3,3,3,4,3,3,3,3,2,3,3,3,2,2,4,2,3,3,2,3,6,6,4,4,4,2,6,5,81240,7,1,,1,,7,2,2,2,3,1,1,1,1
411,R_65uS6tmCknHbwoR,3,3,3,3,3,3,3,3,3,3,3,3,3,3,3,4,4,3,3,3,3,1,3,3,1,2,3,3,3,3,3,3,3,1,3,3,3,3,3,3,3,1,1,2,2,2,2,2,2,1,5,1,4,4,4,4,4,2,1,2,80138,3,2,,3,,4,3,3,3,3,3,3,3,3
454,R_6QFWTQjS2iBRRxH,3,3,3,3,,3,,3,3,3,3,3,3,3,3,3,,3,3,3,,,3,3,,3,3,,3,3,3,3,3,2,3,3,3,,3,3,3,2,3,3,3,2,3,3,3,,3,2,4,4,4,4,4,2,5,7,80026,7,2,,2,,4,3,2,2,3,3,3,2,1
682,R_6TToGoFPOp3D7eF,3,3,5,3,3,3,3,5,3,3,3,3,3,3,3,4,4,4,3,3,3,1,3,3,3,,4,3,3,3,1,3,4,3,4,4,3,3,3,3,3,3,5,3,3,3,3,4,4,3,3,,6,7,7,7,7,2,3,3,80634,7,2,,2,,2,1,1,1,5,4,5,1,1
557,R_3ygycxxtyjx5rkp,3,3,4,3,3,3,1,3,,3,2,4,1,1,1,4,4,4,1,3,3,2,4,4,1,3,5,1,3,3,4,5,3,3,2,3,3,3,4,2,2,,2,2,2,4,2,1,1,,1,3,5,5,5,4,4,2,4,3,80860,6,2,,1,,5,3,2,2,3,4,4,1,1
723,R_7FhuRcwsSb2BMPe,3,3,3,3,3,3,3,3,3,3,3,3,3,3,3,3,3,3,3,3,3,3,3,3,3,3,3,3,3,3,3,3,3,3,3,3,3,3,3,3,3,3,3,3,3,3,3,3,3,3,3,3,5,5,5,4,5,2,5,6,80015,6,2,,2,,2,3,2,1,3,4,5,1,1
342,R_3SibcBeeYPr1Cq3,3,2,1,3,3,2,2,3,3,3,4,3,2,3,3,1,3,3,3,4,4,1,4,4,3,3,3,2,2,3,4,2,2,3,4,2,4,2,1,2,3,1,2,2,2,2,3,4,4,1,3,2,7,7,7,4,4,2,5,5,80525,3,2,,3,,5,3,2,1,3,3,4,1,1
731,R_6wtPpHUyjs4Y463,3,1,4,3,2,5,3,1,2,5,3,4,2,2,5,5,5,4,3,2,5,4,5,4,5,4,3,4,2,3,5,5,1,2,1,2,4,3,5,4,4,2,3,5,4,5,5,5,4,2,5,4,5,3,2,4,1,1,6,4,81230,2,2,,1,,6,4,3,5,2,4,5,2,3
818,R_5jiUwWsemu7o8Fs,3,3,3,3,3,3,3,3,3,3,3,3,3,3,3,3,3,3,3,3,3,3,3,3,3,3,3,3,3,3,3,3,3,3,3,3,3,3,3,3,3,3,3,3,3,3,3,3,3,3,3,3,4,3,5,4,4,2,3,3,80220,5,2,,2,,3,1,1,1,1,5,5,1,1
346,R_7QVf4cGGT5fPNu1,3,3,2,2,2,4,2,2,2,4,2,2,2,4,4,4,2,3,2,3,4,2,3,3,2,3,3,2,4,3,2,3,4,1,3,3,3,2,2,3,3,1,4,3,3,3,3,3,3,2,1,3,6,5,6,5,5,2,2,3,81424,5,2,,1,,7,3,1,3,1,2,3,1,4
700,R_7ZDq3TIiID0wYxx,3,3,4,3,5,3,3,4,4,3,3,3,3,4,4,4,5,3,3,3,3,4,3,3,4,3,3,3,3,3,5,5,3,3,3,3,4,4,3,3,4,3,5,4,3,3,3,3,3,4,3,3,5,5,3,5,5,2,6,6,80303,5,1,,3,,4,1,1,1,1,2,1,1,1
717,R_6IA8aoajFZRIe5Z,3,4,1,3,4,1,1,4,1,1,2,1,5,4,3,1,4,4,2,3,3,3,3,2,2,3,2,4,3,3,5,4,5,4,4,4,5,4,4,3,2,2,3,3,2,4,4,1,2,1,3,3,5,7,4,4,1,2,3,6,80132,6,1,,3,,5,4,4,2,4,1,2,3,3
591,R_7OldpF32bDmK8w3,3,4,3,4,3,3,3,4,3,4,3,3,3,3,3,5,4,3,3,4,3,4,3,3,4,3,3,3,3,3,4,3,3,3,3,3,3,3,4,3,3,3,4,3,3,3,3,4,3,3,3,3,6,6,5,6,6,2,6,5,80477,7,2,,3,,4,2,2,2,4,3,3,3,3
629,R_7bZb0VVNFCXBOmw,3,3,2,3,3,3,3,3,3,3,3,3,3,3,3,2,3,3,3,3,3,3,3,3,3,3,3,3,3,3,4,,3,3,3,3,3,3,3,3,3,,3,3,3,3,3,3,3,3,3,3,6,6,2,2,3,2,4,5,80908,7,2,,1,,7,5,4,3,5,2,3,1,1
407,R_3nkNSSyWBDhxVmA,3,4,5,2,4,4,2,2,2,4,2,2,2,2,2,4,2,2,2,4,2,2,4,4,2,4,2,4,2,3,4,5,5,3,2,4,5,2,2,4,1,2,4,4,2,2,2,1,2,2,2,4,6,6,7,7,7,2,5,1,80906,6,2,,1,,7,4,4,3,5,3,2,2,5
1551,R_6V3Kvp4xiLuTuUN,3,3,3,3,3,3,3,3,3,3,3,3,,,3,4,,4,3,4,3,2,4,3,2,3,3,3,4,3,1,3,2,3,3,4,3,4,4,3,3,3,4,3,4,,3,3,3,,3,,5,6,4,6,7,2,6,4,80022,5,2,,3,,1,2,2,3,3,5,5,1,1
11630,R_7kRlFcBoA74CsL4,4,4,4,4,5,5,3,3,3,4,4,3,3,4,4,5,4,4,3,5,5,4,5,4,4,4,4,5,4,3,4,5,5,4,4,4,4,4,5,4,3,4,4,4,4,4,3,5,4,4,3,5,4,1,1,1,1,2,2,5,81003,6,2,,3,,6,3,1,1,1,5,5,3,1
1011,R_7OCSb46eUyXX1rX,4,3,2,2,3,3,2,1,1,5,1,3,1,4,2,4,3,2,2,1,5,1,1,1,1,3,1,1,2,3,5,5,2,,2,3,3,1,4,4,5,,4,4,2,4,4,5,5,1,4,,6,4,6,2,5,1,2,2,80113,2,2,,5,,2,3,3,3,3,3,3,3,3
567,R_7P5Loh6Xh27Z4h1,4,1,3,4,4,1,4,1,4,4,5,1,5,5,5,5,5,4,4,4,5,1,5,1,5,4,1,5,,3,3,4,4,1,4,4,4,5,4,3,5,3,4,5,4,4,4,1,4,4,4,4,5,5,5,5,6,2,2,7,80634,3,2,,5,,2,3,1,1,1,2,2,1,1
497,R_6OczXVdjC8YKQRw,4,4,4,4,4,4,4,4,4,4,4,4,4,4,2,4,3,3,3,4,3,3,3,3,3,3,3,3,3,3,3,3,3,2,4,4,4,4,4,4,3,2,3,4,3,3,3,3,3,3,3,,5,6,5,5,5,1,4,4,80906,3,1,,2,,5,1,1,2,1,1,1,1,1
518,R_1EhL8lNH0zJV4mv,4,2,4,4,4,4,4,3,4,4,4,4,5,5,5,4,2,3,5,3,3,4,4,3,4,3,2,5,2,3,4,4,4,4,3,3,4,4,4,2,2,3,3,4,2,2,3,4,3,5,2,3,6,6,6,6,6,1,4,2,80223,4,2,,3,,3,2,2,1,3,2,4,2,1
846,R_5jZpeUcjLSyOIVJ,4,3,3,4,3,4,3,3,3,3,3,3,2,,2,4,3,4,3,4,4,4,4,4,3,4,4,4,3,3,2,3,3,3,2,4,3,4,3,3,2,,4,3,3,3,3,3,3,3,3,3,5,5,5,5,5,2,6,4,80223,6,2,,3,,4,4,3,3,3,3,4,1,1
471,R_6GkPcrx48rNdi02,4,,1,2,2,,,2,,,,,,,2,,4,,,4,4,4,,,,4,,,,3,5,4,,2,,4,,4,,,,3,,,,,,,4,,,4,7,5,3,1,1,2,3,6,80021,4,1,,5,,5,3,3,3,2,2,1,2,2
3107,R_6DUaGpcHeHmOwNL,4,2,3,2,3,2,3,4,4,2,3,3,3,3,3,4,3,2,3,3,3,3,3,3,4,3,3,4,3,3,4,4,2,3,2,4,3,4,3,2,2,3,4,3,3,3,3,2,2,3,4,2,5,5,5,5,5,2,5,5,81147,7,2,,2,,3,2,2,2,4,4,4,2,1
483,R_6G2MDkNuMOAPgmi,4,3,3,3,3,3,3,4,4,3,4,3,3,3,3,5,2,4,3,3,1,4,3,3,3,1,1,3,3,3,1,3,2,3,3,3,3,2,3,3,1,3,3,1,,3,3,1,3,4,3,3,5,7,6,7,6,2,3,6,80118,4,3,,4,,2,1,1,1,5,5,5,1,1
2149,R_5QmtYZMKF9981xw,4,4,4,4,4,4,4,4,3,4,3,4,3,3,3,4,4,4,3,4,4,3,4,4,3,4,3,3,4,3,3,4,3,4,4,3,4,3,3,3,4,3,3,4,3,4,3,4,3,3,4,4,5,5,4,5,6,2,4,5,80907,3,2,,2,,1,1,1,1,5,5,5,1,1
446,R_5LOOpwZPC17V5E4,4,3,4,2,3,2,4,4,4,2,3,5,3,3,3,3,1,4,4,4,4,1,3,3,4,1,3,4,3,3,4,4,3,5,2,4,4,4,1,3,2,4,3,3,3,3,3,2,2,4,2,2,7,7,5,5,6,2,3,3,80137,4,2,,3,,3,3,1,2,5,5,5,1,1
518,R_1DouiiMRyR7B2kP,4,4,3,,4,4,2,2,3,4,2,4,2,4,3,4,5,3,2,2,5,1,3,2,1,4,3,1,2,3,4,2,2,1,3,2,4,2,3,2,2,2,2,2,5,5,1,5,3,2,4,3,6,3,5,2,4,2,2,5,80112,2,1,,2,,2,4,5,4,1,3,2,4,3
588,R_3Fkquw6JljQagup,5,3,4,5,5,5,4,4,4,5,4,4,4,4,4,5,5,5,5,4,5,4,5,5,4,5,4,4,5,3,4,4,4,4,3,,4,3,3,3,,3,4,3,5,3,3,5,3,3,3,3,7,5,7,6,7,2,4,2,80107,5,2,,1,,5,3,3,4,3,2,2,4,4
423,R_16FukoAz6yuDx2p,5,2,3,2,4,3,1,1,1,1,1,1,3,4,4,4,4,,,4,5,,4,,,3,4,,,3,4,,,,,,,,,,4,,,,,3,4,3,,,,,5,3,3,3,3,1,4,5,80239,3,1,,1,,5,2,2,3,3,4,5,1,1
666,R_7anUismzyvz6YUQ,5,2,4,4,5,5,5,2,5,5,3,2,3,3,5,5,5,5,5,4,5,4,5,5,2,5,4,3,5,3,4,4,5,1,3,4,3,2,3,5,3,1,4,5,4,2,5,5,4,2,4,5,4,4,4,4,4,2,2,7,81501,2,2,,3,,4,5,5,5,5,3,3,3,3
790,R_7qki5FY2G00RseM,,5,5,5,5,5,,,,5,,,,,,5,5,5,,5,5,,5,5,,5,5,3,5,3,5,3,5,3,5,,3,3,,5,5,,5,5,5,,5,,5,,5,5,7,4,4,4,4,1,4,1,80204,6,2,,3,,5,4,4,4,3,5,5,1,1
328,R_6iUwlCCkBksSoyl,,4,4,5,4,5,2,2,2,4,3,4,2,4,5,5,2,4,3,2,2,5,2,2,4,4,2,5,2,3,2,5,2,3,4,5,4,5,2,2,,2,3,4,4,4,5,4,2,2,4,2,5,6,6,6,5,2,3,1,80305,2,2,,2,,3,2,1,3,4,5,5,1,1
585,R_3v69tSsVNE3ZlnM,,3,1,1,3,4,,,,3,,4,,,,4,2,3,,3,3,,3,4,,3,2,,,3,1,3,,,3,,4,,,4,2,,3,,,,,,4,,,,7,7,6,5,6,2,5,3,80918,5,2,,2,,2,1,1,1,3,5,5,1,1
312,R_75HDHvgEhnjzszv,1,1,1,1,1,1,1,1,1,1,1,1,1,1,1,1,4,4,1,3,4,2,4,4,1,4,4,1,4,4,4,1,2,2,2,2,2,2,2,5,5,1,2,1,1,1,5,3,5,2,5,4,3,3,4,3,3,2,3,1,81050,5,2,,3,,3,2,2,2,2,2,2,2,2
897,R_5eQFICF0hYssLzD,1,5,4,1,5,5,1,1,1,5,1,1,1,1,3,5,5,4,3,3,5,4,4,5,1,5,4,5,5,4,4,5,2,2,5,3,4,2,2,5,4,2,2,4,4,5,5,5,5,1,4,2,7,1,2,6,6,1,3,1,80301,5,2,,2,,7,1,1,1,1,5,5,1,1
572,R_1Y4jEk3O5NRuS0x,1,5,1,1,5,1,3,5,3,3,1,5,3,3,3,1,5,5,1,3,3,1,3,5,1,3,1,3,3,4,1,3,3,3,5,3,4,3,2,4,5,1,1,4,4,3,3,1,3,3,3,3,4,3,5,5,5,2,5,3,81301,7,1,,3,,3,2,2,3,3,4,5,1,1
1776,R_3K1nriFIF0tBeAt,1,2,2,2,1,1,1,1,1,1,1,1,1,1,1,3,2,5,2,5,5,3,4,5,2,5,1,2,4,4,,,,3,,,,,,,4,3,,,4,,,,4,,4,,5,5,5,5,5,2,2,1,80634,7,2,,2,,1,2,2,2,3,5,5,1,1
642,R_1eV7uUCijbkodmp,1,4,3,,4,4,1,1,1,4,,1,1,,,3,4,3,,4,4,1,3,,1,4,,,3,4,4,2,,,4,,,,5,5,3,,,,4,,,,4,,4,,5,5,5,5,5,2,3,2,80909,6,2,,1,,5,3,3,3,3,3,3,2,1
746,R_6jp8pUfrU4uIs85,1,1,1,1,4,1,1,1,1,4,1,1,1,1,1,5,5,4,1,4,4,1,5,5,1,5,1,5,5,4,5,1,2,2,2,2,4,1,5,5,1,,1,5,1,1,4,1,1,1,2,4,7,7,6,7,7,2,5,3,80501,6,2,,3,,5,3,1,1,2,1,1,4,5
1751,R_1xHIGIut3rJnUQh,1,1,1,5,5,5,1,4,4,4,1,1,1,1,2,5,1,5,1,5,5,1,5,5,2,4,5,1,5,4,5,5,2,2,4,5,4,4,4,4,4,2,2,5,5,2,5,5,5,2,5,4,7,7,1,7,5,2,3,1,80222,4,1,,2,,1,2,2,2,3,1,1,1,2
1091,R_6OW2PYsNZDIENyh,1,1,3,3,,2,1,1,1,3,1,2,1,1,5,5,5,5,,5,5,,5,5,2,5,5,5,5,4,5,5,5,5,5,5,4,4,3,4,4,3,3,4,4,5,5,5,3,2,3,5,7,6,1,1,4,2,4,1,80015,5,2,,3,,4,4,4,3,1,2,2,2,3
2232,R_3Kmdm03owlu2rKZ,1,1,2,1,1,1,3,3,3,4,3,3,3,3,3,4,4,4,4,5,5,4,4,4,5,4,5,4,4,4,1,4,4,3,4,3,4,4,4,4,4,1,5,4,4,2,5,2,2,3,4,5,2,2,2,2,2,2,2,1,80909,4,2,,3,,4,4,2,3,1,1,2,2,2
656,R_7KDx0zbVtukKUy1,1,2,2,2,2,2,2,2,2,4,2,2,2,1,2,5,5,3,2,5,4,5,4,5,2,5,4,2,4,4,2,2,,,4,2,4,5,4,4,4,3,4,4,4,4,2,4,5,4,4,5,6,6,6,5,6,2,3,1,80211,3,2,,5,,6,4,3,3,5,4,4,3,3
25900,R_7IZjacJ9TYqM0TC,1,1,1,1,1,1,1,1,1,1,1,1,1,1,1,2,5,3,1,5,4,5,3,4,2,5,5,2,2,4,1,3,5,,4,5,4,4,5,1,4,3,2,4,1,2,3,1,5,1,5,2,6,1,5,2,5,2,3,1,80631,6,1,,3,,4,3,4,5,3,1,2,2,3
540,R_500kMr4MFT2n5vY,1,5,2,5,4,5,1,1,1,3,1,1,1,1,1,3,5,5,3,5,5,1,5,5,1,5,5,2,4,4,5,4,2,1,4,4,4,2,3,2,2,,5,3,4,3,3,4,4,3,2,2,6,6,4,2,3,2,6,4,80124,7,2,,3,,4,2,3,3,3,3,4,2,2
523,R_6PAOiLkmtwtFnjT,1,1,1,1,2,1,1,1,1,1,1,2,1,2,2,,3,2,2,1,2,3,1,2,1,1,1,3,3,4,2,5,2,1,2,3,5,2,4,2,1,1,4,4,4,3,1,4,3,1,,1,5,5,5,3,3,1,2,3,80014,3,1,,3,,1,2,2,1,1,5,5,1,1
479,R_3uQmWt4eaTJt4s9,1,1,1,1,1,1,1,1,1,1,1,1,1,1,1,2,1,,1,,4,2,4,4,1,4,2,1,1,4,2,2,4,,4,2,2,1,4,4,5,,5,4,5,1,4,4,5,1,2,3,7,3,5,2,5,2,2,1,81501,4,1,,3,,1,4,2,2,4,1,1,4,1
7127,R_6HqVWCnVBRBIJwv,1,4,1,1,4,,1,1,1,4,1,1,1,1,1,4,4,4,1,4,4,1,4,4,1,4,4,1,4,4,4,4,1,,4,1,1,3,3,4,4,1,1,4,4,1,4,4,4,1,3,1,5,3,3,3,3,1,2,1,80219,3,2,,2,,5,4,4,3,3,4,4,1,1
598,R_1CI6VLUAOmpNGHI,1,1,1,1,1,1,1,1,1,1,1,1,1,1,1,4,,3,,,4,,,,,1,,,,4,1,,,3,,,4,,,,2,,,,4,,,1,,,,,7,7,2,5,6,2,3,3,80817,3,1,,5,,4,1,2,1,2,5,5,1,1
16520,R_1lAXCt2HXxynS3S,1,1,,1,1,1,1,1,1,1,1,1,1,1,1,5,5,4,5,5,5,5,5,5,,5,5,,5,4,5,5,4,2,3,,,,4,,4,,5,,,,4,,4,,4,,5,3,3,3,3,2,2,1,81321,6,2,,1,,6,5,5,5,5,5,5,5,5
448,R_1PzBa2q4QK4bhFD,1,1,1,1,1,1,1,1,1,1,1,1,1,1,1,3,3,3,3,4,,4,4,4,1,4,1,1,4,4,5,5,3,1,2,2,2,2,3,4,4,3,5,4,4,1,1,5,4,1,4,1,7,6,4,5,4,2,4,5,80922,6,1,,2,,2,3,3,4,1,1,4,1,4
870,R_758LZ9Z2dwd2jOp,1,1,1,1,1,1,1,1,1,1,1,1,1,1,1,5,2,5,4,5,5,1,4,5,1,5,1,5,3,4,5,,2,5,1,2,1,1,,4,2,,5,2,5,5,,1,1,1,1,1,7,7,7,7,7,2,3,7,80022,6,2,,5,,3,3,1,5,3,1,1,1,1
1103,R_1905ejiE2f8ynTL,1,1,4,1,4,5,5,1,1,4,4,4,1,5,5,5,5,1,2,2,5,4,5,2,1,4,2,4,2,4,5,5,4,1,4,1,2,1,2,2,4,,2,4,4,5,5,5,1,2,4,1,7,4,2,2,5,2,3,3,80013,3,1,,5,,5,4,5,5,3,3,3,4,3
486,R_5mC3hiBK7MIQptT,1,4,4,2,5,5,1,1,1,2,1,1,1,1,1,5,5,2,1,3,4,2,4,2,1,3,3,1,3,4,2,5,3,1,2,2,1,1,1,3,4,1,1,2,3,2,4,5,2,1,5,4,6,5,5,3,3,1,2,2,80916,4,1,,2,,5,4,4,3,3,2,1,2,1
337,R_3QDDDsAzwHD4Kli,1,1,1,1,1,4,1,4,1,1,1,4,1,4,4,4,3,4,2,2,2,2,2,2,2,2,2,2,2,4,1,4,4,3,4,,2,4,2,2,2,3,2,3,2,2,4,2,,2,2,2,6,3,2,3,5,2,3,6,80027,3,1,,2,,4,1,1,1,1,1,1,1,1
2138,R_6symHQtlWyMCqTL,1,3,3,3,4,4,1,1,1,3,1,4,1,1,1,3,3,3,2,4,4,4,5,5,2,5,4,1,4,4,5,5,3,2,3,4,3,4,3,3,4,1,2,2,4,5,4,5,4,1,2,3,5,6,5,7,6,2,3,2,80215,5,2,,2,,7,4,1,3,5,4,5,1,1
613,R_1E6oU2PW29tjDK0,1,1,1,1,1,1,1,1,1,1,1,1,1,1,1,2,1,3,1,3,5,1,,,1,5,1,1,,4,4,4,5,,,,,1,,2,2,,1,2,1,1,,4,1,1,4,1,6,5,4,5,1,2,5,6,81524,7,1,,1,,7,3,3,4,1,4,3,3,3
678,R_1hu8g5wJQ5UfdR3,1,1,1,1,1,1,1,1,1,1,1,1,1,1,1,1,3,2,2,1,3,1,1,3,1,3,5,4,2,4,3,1,4,1,1,1,4,1,2,1,1,1,1,1,1,1,4,2,5,1,2,1,7,7,7,4,7,2,6,2,80634,6,1,,2,,4,5,5,1,3,1,1,1,1
450,R_6IVMAzbLq4afDrL,1,2,4,1,5,2,1,1,1,4,1,1,1,1,1,4,5,5,1,1,5,1,4,5,1,5,5,5,5,4,4,5,1,2,2,1,5,1,4,5,5,1,1,4,4,1,3,3,2,2,5,2,6,3,3,3,4,1,1,1,80501,5,2,,3,,3,5,5,1,4,1,3,1,1
345,R_6ZNCxvwMal1VepA,1,1,1,1,5,1,1,1,1,2,1,1,1,1,1,5,1,4,1,5,5,,,,,,,,,4,1,4,,,,,,,,,5,,,,,,,,,,,,3,6,5,5,5,2,5,3,80219,5,1,,2,,1,2,1,2,4,4,4,1,1
842,R_5geBIK2OY3wS9E8,1,2,1,1,1,5,1,1,1,4,1,4,1,3,4,1,4,5,1,4,5,1,4,4,1,4,5,1,4,4,5,5,1,,4,1,1,1,4,5,5,,4,4,5,5,5,5,5,1,1,3,7,3,5,5,5,2,3,7,80205,2,2,,5,,5,2,1,1,3,2,1,1,1
504,R_1mfJHUNC3RHwTD0,1,5,1,4,4,5,,4,2,2,2,2,2,2,2,2,5,5,4,4,4,2,4,4,2,4,4,5,4,4,5,5,4,3,4,4,4,4,4,4,4,3,4,4,4,4,5,2,4,2,2,4,7,7,2,2,2,2,5,5,80919,5,1,,3,,3,2,2,2,3,4,4,1,1
1861,R_5vpJd4MMTEu9rrP,1,1,2,2,2,1,1,1,1,1,1,1,1,1,1,4,4,2,,5,4,1,5,4,,5,4,,2,4,5,5,5,,4,,,,,4,4,3,5,4,,,4,4,5,,,,5,5,5,5,5,2,2,3,81416,7,2,,3,,4,1,1,1,4,5,5,1,1
623,R_3n0LxdSMZTN33xv,1,3,1,4,4,4,1,1,1,4,4,4,4,1,1,1,4,4,2,3,4,1,3,4,1,4,4,4,4,4,5,2,3,1,3,5,5,2,4,5,4,2,1,4,5,5,4,1,4,1,5,5,5,5,3,2,3,2,6,6,80908,7,1,,1,,6,4,3,2,2,1,1,4,3
476,R_3TKJv7kMrOnVMos,1,4,1,1,1,4,1,1,1,5,1,4,1,1,1,4,4,1,1,4,3,1,1,,,,,,,4,4,5,5,,4,4,5,4,2,2,5,,5,4,,,,,,,,,3,3,3,3,4,1,1,1,81005,2,2,,5,,3,2,2,2,3,2,2,2,2
525,R_3nV1mdZEJyizkdJ,2,3,1,1,1,1,3,4,4,4,1,1,1,1,3,3,4,4,2,3,3,2,3,3,3,3,2,3,3,4,1,4,3,5,2,4,4,2,4,3,2,,2,2,2,3,3,4,4,2,4,4,6,6,6,6,6,2,5,6,81623,7,2,,2,,2,2,2,2,3,5,5,1,1
554,R_7rHqDkam6WfMK6x,2,1,5,4,4,1,2,3,3,1,3,2,2,1,1,1,1,4,4,4,5,4,4,5,4,5,1,4,4,4,4,2,2,1,4,4,4,3,5,1,1,1,1,3,2,2,3,1,3,2,1,1,6,5,7,1,7,2,5,1,80241,6,1,,1,,6,4,5,3,4,3,3,2,3
593,R_6EKeNAxAox4NtY6,2,2,4,4,2,2,2,2,2,2,2,2,2,2,2,2,4,4,2,4,3,2,4,3,2,3,4,2,3,4,3,2,3,1,4,2,3,2,3,3,4,,2,2,3,2,3,2,3,2,1,2,6,4,3,3,3,2,2,3,81005,4,1,,2,,4,2,2,2,2,4,4,1,1
536,R_6jxqdiXxY6kmF5K,2,3,3,1,3,3,1,1,1,3,1,1,1,1,3,5,3,4,3,5,3,1,5,5,1,5,5,1,5,4,5,4,1,1,4,1,1,1,4,2,2,1,2,4,2,1,4,3,4,1,4,1,7,5,6,2,4,2,3,1,81503,6,2,,1,,6,3,1,3,1,5,5,1,1
365,R_6Xafcqil1IPeZvR,2,2,2,4,4,4,2,2,3,3,2,2,2,2,2,4,4,4,2,4,4,2,4,4,2,4,4,4,4,4,4,4,4,2,4,4,2,2,2,4,5,,2,4,4,2,4,5,5,1,5,2,6,6,6,6,6,2,2,2,81001,4,2,,3,,6,2,2,2,3,2,1,1,2
326,R_6V7SfNMU710y8YV,2,4,2,4,4,2,4,2,3,3,4,4,3,4,3,4,4,3,4,,4,2,4,2,2,4,2,4,3,4,2,4,,3,,2,4,2,4,4,,2,4,3,4,4,4,2,3,3,4,,4,3,5,5,5,2,4,2,80302,5,1,,2,,3,2,2,3,2,3,3,3,3
395,R_3ExXzMk837kc2M1,2,3,3,2,,4,1,1,1,5,1,3,3,3,3,4,4,4,2,2,4,3,4,4,2,2,4,3,3,4,1,4,2,3,4,2,4,4,4,4,2,2,2,4,4,4,4,4,4,2,4,3,4,4,4,4,4,2,2,4,80214,2,2,,2,,3,1,1,1,3,5,5,1,1
351,R_7ZOdLMGxxO8e4lm,2,1,2,1,1,4,1,4,2,5,2,5,2,4,4,4,4,4,4,4,4,2,4,4,4,4,5,5,5,4,4,4,4,2,3,2,2,2,2,2,1,2,2,1,2,2,5,2,2,4,2,3,7,6,4,4,6,2,4,2,81101,4,2,,1,,5,2,2,4,3,3,4,1,1
384,R_7I5z2Qdjy5zZgrf,2,4,4,4,4,2,2,2,4,2,2,2,2,2,2,1,1,4,4,4,4,4,4,4,1,4,5,2,3,4,5,1,4,4,2,5,2,2,4,1,4,3,2,4,4,2,4,1,4,1,4,4,5,6,6,5,5,2,3,1,80227,6,2,,3,,4,4,3,4,4,2,1,3,1
782,R_60I72GupNNOd0MC,2,2,4,4,2,2,2,2,2,2,2,2,2,2,2,4,3,4,3,4,5,3,4,5,2,4,4,4,4,4,5,5,5,4,4,5,4,2,2,2,4,2,5,4,4,4,3,5,3,3,3,3,6,6,6,6,5,2,4,2,80831,6,2,,2,,2,3,1,2,4,3,4,1,1
893,R_1KVnkeHHy0Yx5uU,2,4,5,1,1,3,3,1,1,4,1,1,4,1,1,5,1,3,5,5,5,4,4,4,1,3,3,4,2,4,1,3,,2,4,4,5,4,5,2,2,2,2,4,5,4,4,5,4,4,4,4,5,5,6,6,6,1,5,3,80003,5,2,,2,,3,3,2,1,5,3,1,1,1
385,R_1QsWDrDc8xvcsob,2,2,1,1,1,1,1,1,1,1,1,1,1,1,1,,3,3,2,4,4,2,4,4,2,3,3,3,3,4,4,4,,3,3,3,3,3,3,4,4,3,3,3,3,3,3,5,3,3,3,3,6,6,6,6,6,2,5,6,80127,7,1,,2,,2,2,2,2,2,2,2,2,5
710,R_1NVSr1CieXTRCrS,2,5,3,2,3,4,2,4,2,5,2,4,3,2,2,4,5,2,3,2,4,4,2,4,2,4,2,4,2,4,3,4,4,2,4,2,4,4,4,2,4,3,4,4,2,4,4,4,4,2,4,2,5,5,5,5,5,2,3,1,80021,2,2,,2,,2,1,1,1,5,3,3,1,1
1581,R_5htCw4vbAdoxRPR,2,2,5,4,4,2,2,2,4,5,2,2,1,1,1,5,4,,2,4,1,2,4,4,4,1,5,5,5,4,4,3,5,5,4,2,2,2,2,4,4,5,4,2,2,5,1,1,1,1,2,5,5,5,6,7,6,1,3,1,80214,5,2,,3,,3,5,3,3,3,5,3,3,3
339,R_5wMn5LAnDRgLmlK,2,4,5,5,4,,,3,,,,,,,,,5,,,,,,5,4,,,5,,4,4,,5,,,,4,,5,,,5,,,,,,,,,,,3,6,6,5,6,6,2,6,1,80602,6,1,,2,,4,2,1,2,4,4,5,1,1
917,R_61Z2xKY856YIdLb,2,4,2,2,4,5,4,4,2,3,2,1,1,1,4,4,5,5,2,1,4,1,4,5,1,4,4,2,4,4,4,5,5,2,2,4,4,3,3,4,4,3,3,4,5,5,4,4,5,2,4,5,5,5,5,3,5,2,1,2,80916,4,1,,2,,4,3,3,3,2,3,3,4,4
712,R_64GWkXIzmgP3ThS,2,3,3,3,4,3,3,4,3,3,3,2,3,3,3,3,3,3,3,3,5,,4,3,3,4,3,3,3,4,4,4,4,3,3,3,3,3,3,3,3,1,4,3,3,3,4,2,3,3,3,3,7,5,3,3,3,1,3,4,80022,6,1,,5,,4,3,3,3,2,5,5,1,1
517,R_5jJTKdOjAp5HSZg,2,2,4,4,5,3,4,2,1,1,3,5,4,2,1,4,4,2,5,2,5,1,4,2,1,5,2,4,1,4,5,4,2,,4,3,5,3,2,5,2,2,2,4,4,2,1,2,3,5,2,5,3,7,3,5,2,2,7,7,80027,4,1,,1,,7,5,5,4,1,2,3,2,2
670,R_3OYCy4lj7Zx9KP7,2,4,1,4,4,4,3,4,3,4,4,4,3,3,3,1,4,4,3,4,4,3,4,4,3,4,4,4,4,4,5,4,5,3,4,4,4,3,4,4,3,3,3,4,4,4,4,1,4,3,4,4,6,6,5,5,6,2,5,3,80109,6,1,,1,,6,3,3,2,2,1,3,3,4
915,R_1qaRn1Qz7MRsF8R,2,1,1,4,4,4,,4,4,,5,,,,,2,1,4,4,5,2,1,5,2,4,4,4,4,4,4,4,5,4,4,4,3,4,3,4,3,4,3,4,3,3,3,4,4,4,4,4,4,6,4,2,1,1,2,5,3,80126,7,1,,1,,7,4,3,4,1,1,1,3,1
467,R_34qIHwDrdqJvwkk,2,4,2,1,4,4,1,1,1,4,2,2,4,2,1,4,4,3,1,4,4,1,4,4,2,4,5,2,2,4,4,2,2,4,1,1,3,2,1,2,4,,2,2,4,2,2,1,1,1,2,,6,5,5,4,4,2,4,6,80134,5,1,,5,,5,2,4,1,1,2,2,1,3
367,R_8aSyxN8fOH8qvzX,2,2,2,3,,2,2,2,2,,4,2,,4,5,4,5,,,4,2,2,5,4,5,2,4,5,5,4,2,4,4,2,4,2,,1,5,4,,,1,5,2,5,4,2,4,4,5,2,6,6,2,7,6,2,4,1,81503,5,2,,3,,6,5,3,3,4,4,4,4,4
324,R_3sBXiHrKKSn0IJe,2,3,2,2,1,5,4,5,2,5,2,5,1,5,4,5,5,2,2,5,4,2,5,5,2,4,2,2,5,4,5,2,5,5,5,2,2,2,4,4,2,2,4,4,4,2,2,5,2,4,2,5,6,3,5,5,3,1,4,3,32308,3,1,,1,,7,4,4,1,1,1,1,3,5
4010,R_5kIktxyb9WTtzo5,2,5,5,4,5,5,1,2,2,4,2,2,2,2,2,5,5,5,,,5,,5,5,4,5,5,4,5,4,5,5,5,3,4,4,4,2,4,5,5,2,4,4,4,5,4,5,4,3,4,,1,7,1,7,7,1,4,4,80234,6,1,,1,,6,1,2,2,3,5,1,1,1
585,R_1JL8H7LrLqY44Jl,2,4,5,1,1,2,4,1,1,5,2,1,1,4,4,2,5,4,2,4,5,2,5,4,1,5,3,3,5,4,5,1,1,1,5,1,1,1,1,4,4,1,1,1,1,2,2,5,1,1,2,1,5,7,5,4,6,2,4,3,80205,6,2,,3,,4,1,1,1,3,5,5,1,1
765,R_7NVCcI3xoCMhWTf,2,4,4,4,,5,5,,5,5,4,,4,4,4,4,4,4,4,4,4,4,4,2,,5,4,4,4,4,5,1,1,,1,5,1,2,1,1,4,,2,5,1,,2,4,,2,4,2,7,2,6,2,6,2,3,3,80643,4,1,,2,,2,1,1,2,3,1,1,1,1
1513,R_3jkpYy7GGRxU0Dh,3,4,2,4,2,5,2,2,2,4,2,2,2,4,4,3,4,4,2,4,4,2,4,4,2,4,2,2,4,4,4,2,5,2,2,4,5,2,4,5,4,2,2,2,4,4,4,2,,2,4,4,5,5,5,5,5,2,4,2,81050,7,2,,1,,5,3,2,2,3,5,4,2,2
645,R_7pPvAgq7ABFyJe9,3,1,5,4,4,2,3,1,,1,1,1,1,5,5,2,5,5,3,4,5,1,5,5,4,4,5,5,4,4,5,4,3,3,4,2,3,3,3,4,5,,4,4,4,3,4,5,4,3,5,4,1,1,1,1,1,1,3,1,80120,6,2,,5,,4,1,1,1,1,1,1,1,1
711,R_6lrG7gKLdUstX7P,3,3,1,3,3,,3,3,3,3,3,,3,3,3,,,,,,3,,,3,,4,,5,4,4,,,,3,,,,,3,,,,,,,3,,1,3,,,,5,4,4,1,1,2,6,7,81101,6,2,,3,,4,3,3,3,1,1,1,2,4
840,R_6QDVBLqJz4DeEtr,3,5,4,2,5,1,1,5,1,4,1,1,1,1,1,5,3,4,3,5,5,2,4,4,3,4,2,2,1,4,1,4,5,3,4,2,2,2,4,4,4,3,4,5,4,1,4,4,4,3,3,3,5,5,3,5,5,2,6,2,80550,7,2,,2,,2,1,1,1,1,5,5,1,1
732,R_5jVq31XYA3J8aXG,3,5,4,4,4,3,3,4,4,4,3,4,3,3,3,4,4,4,3,4,4,4,4,4,5,5,4,3,2,4,4,4,4,3,4,5,4,3,3,2,4,3,4,4,3,3,4,4,3,3,3,3,6,6,5,5,5,2,4,3,80538,7,2,,3,,5,3,2,2,3,3,4,1,1
552,R_3OEDYbLFCzF7O7f,3,4,4,5,4,4,3,4,3,4,2,2,2,2,2,1,4,5,2,4,4,3,4,4,3,4,4,3,2,4,3,3,3,2,2,2,3,3,4,4,4,3,3,3,3,3,3,2,3,2,3,3,7,7,6,5,5,2,5,3,81432,4,2,,3,,4,4,2,3,2,5,5,1,1
444,R_1gHAETD3ODXclfs,3,3,1,4,4,3,3,4,5,3,4,3,3,3,3,1,4,4,3,4,4,3,4,4,3,4,2,3,4,4,5,4,4,3,4,4,4,5,4,4,3,3,4,3,4,3,3,2,4,3,3,3,7,5,4,1,1,2,6,3,80224,6,1,,3,,4,3,3,3,1,2,2,1,2
706,R_7qVBElmQGqXM1pV,3,3,2,2,3,4,2,4,1,3,1,2,1,2,2,4,3,3,2,3,3,1,3,3,1,3,3,1,2,4,2,2,2,2,4,2,2,1,3,3,4,1,1,3,1,1,3,1,4,1,3,3,5,5,4,3,3,2,2,4,80110,6,1,,1,,4,3,3,3,4,2,3,3,2
485,R_72i13dMbps6CoJu,3,2,4,4,2,3,2,4,2,4,3,4,3,,,2,4,4,3,2,4,5,2,4,2,4,,4,2,4,3,2,4,3,4,,4,2,4,2,4,2,2,4,4,2,4,3,4,2,5,2,5,3,5,3,6,1,6,2,80212,2,2,,2,,5,2,4,2,5,4,3,2,5
825,R_5AOlyUsrKry0zKh,3,4,2,2,2,4,3,4,4,4,,4,,,,5,4,,,2,1,4,2,,,2,3,,1,4,2,,4,4,,,4,4,,,,3,2,2,,,,,,,4,2,6,7,5,5,5,2,3,2,80220,5,1,,2,,3,3,2,2,3,4,4,1,1
1908,R_3ODtDiuLXBL7U1b,3,4,4,4,4,4,4,4,3,5,3,4,4,4,4,4,5,4,5,4,4,5,4,4,4,4,5,4,4,4,5,4,4,3,4,4,4,4,4,3,4,4,4,4,4,4,4,5,4,4,5,4,4,5,5,5,6,2,3,3,80022,5,1,,2,,5,3,4,3,3,2,2,3,2
666,R_1KjNY8eo8qb7LEw,3,4,4,3,4,4,3,,,4,,,4,,4,4,4,,,,,4,,,,,4,5,,4,,4,4,3,4,,,,,,4,3,4,4,,3,4,4,4,,2,,7,7,7,7,7,1,2,3,80212,4,1,,3,,4,2,1,2,1,3,4,2,2
9261,R_3lY4Z1wO7m0vV2O,3,2,2,4,1,1,2,2,2,2,2,2,2,3,,4,2,3,4,,5,4,4,4,,5,4,5,5,4,5,5,5,,2,3,,2,2,3,2,2,2,2,2,4,4,1,5,5,4,,7,7,6,5,5,2,5,7,81006,6,2,,3,,6,3,3,3,3,2,1,1,3
399,R_6bm8gVKCzrPizkt,3,4,3,2,4,2,3,4,4,4,2,3,4,4,2,4,2,4,3,4,5,5,4,4,2,2,4,4,3,4,5,4,,2,4,3,4,2,3,4,,,4,4,,,4,4,5,,4,4,6,3,6,5,5,1,7,3,80229,2,2,,1,,5,2,3,4,3,2,3,3,3
728,R_51hSutCC3Dndxlx,3,1,1,1,1,1,1,1,1,1,1,1,1,1,1,2,3,3,1,4,5,3,4,5,3,4,5,2,3,4,4,4,2,3,5,4,4,4,4,4,4,3,4,5,3,4,3,5,4,4,5,4,6,6,6,6,6,2,3,4,80236,7,2,,2,,3,3,3,2,3,2,3,2,2
356,R_12lzJ8zVwWe57Qf,3,3,1,4,4,2,4,4,2,4,3,4,4,4,4,2,4,4,2,4,4,1,4,2,4,4,4,4,4,4,4,4,4,4,4,4,4,4,4,4,4,4,4,4,4,4,4,4,4,4,4,4,5,5,5,5,5,2,5,6,80465,6,1,,3,,3,4,3,4,2,2,2,2,3
552,R_7QnlFuISbDds5Km,3,3,4,4,3,3,3,4,3,3,3,3,3,3,3,5,4,3,3,3,3,4,3,3,5,3,3,3,3,4,1,4,3,5,3,3,3,5,3,3,4,,3,2,3,3,4,3,3,3,3,3,5,6,5,5,5,2,6,6,80205,5,1,,2,,1,1,1,2,5,5,5,1,1
966,R_37IgCFP1jSPGQJh,3,4,4,4,4,4,3,3,3,5,3,3,3,3,3,3,3,4,3,4,5,3,4,4,3,4,5,3,5,4,5,3,4,3,5,3,3,3,3,3,4,3,3,5,3,3,4,3,3,3,3,3,6,4,4,4,4,2,2,1,80018,7,2,,2,,4,4,4,4,4,3,3,3,3
479,R_6JPKKdZcyQzkJA1,3,3,4,4,3,4,3,3,3,2,3,3,3,3,2,4,4,4,3,3,4,1,3,4,3,4,3,4,3,4,4,3,3,3,4,3,4,3,4,4,4,3,4,4,3,3,3,3,4,3,3,3,7,5,4,3,4,2,5,6,80403,7,1,,3,,4,3,3,2,3,3,3,2,1
756,R_1nhXXlTNMorAxwJ,3,3,4,4,2,2,2,3,2,2,2,2,3,2,2,5,4,4,3,3,4,3,3,4,3,4,4,5,4,4,5,4,4,3,4,3,3,3,4,3,2,3,4,4,4,3,3,4,4,3,3,3,7,6,6,5,6,2,4,3,80817,7,1,,5,,4,1,1,1,3,5,5,1,1
2275,R_6xV3zrYP0BaX3yK,3,2,4,4,2,5,2,3,4,4,2,2,3,3,2,5,4,3,3,3,4,2,4,4,2,4,4,2,5,4,2,2,3,3,4,4,4,3,5,4,5,3,3,1,4,3,5,4,3,3,5,4,7,4,4,5,2,2,2,3,81635,6,1,,3,,4,3,2,3,3,3,3,3,3
667,R_3ptDgGenTIl63rJ,3,4,2,2,4,2,3,5,3,2,,4,3,3,3,4,3,4,3,4,,5,3,4,3,2,3,5,4,4,1,4,2,3,2,4,4,3,3,2,2,3,2,1,4,3,3,2,2,3,2,3,5,6,6,5,4,2,4,4,80205,6,1,,2,,2,1,2,2,4,5,5,1,1
933,R_7DYa9wfzgWhmdJT,3,5,5,4,4,4,4,3,3,5,4,3,4,5,3,4,4,3,3,3,3,4,3,3,3,3,3,4,3,4,4,5,3,2,3,3,4,3,5,3,5,2,3,4,3,3,3,3,3,3,3,3,5,6,4,4,6,2,2,1,10002,2,1,,2,,5,2,2,3,4,3,1,2,4
287,R_5amXOxzpxOxfJjr,4,4,3,2,3,2,2,4,2,3,3,3,3,4,4,4,4,4,2,3,3,3,4,3,3,3,3,3,3,4,4,4,1,1,1,4,5,2,2,4,4,1,4,4,4,4,2,4,4,4,4,3,5,5,5,4,4,2,4,3,80234,4,1,,2,,5,1,1,1,5,5,5,1,1
414,R_7aWWdmhJhCyxiCf,4,4,4,4,4,4,4,3,3,3,3,3,3,4,3,4,5,4,4,4,5,4,4,4,4,4,4,4,4,4,2,4,4,1,4,4,4,2,4,2,2,1,3,4,2,4,4,2,5,2,5,4,6,6,6,6,6,2,4,3,80249,6,1,,3,,4,4,4,4,4,1,1,1,1
250,R_7FKDduBfXbso0J6,4,4,5,5,5,5,1,2,2,4,5,5,1,1,1,5,5,5,5,1,5,2,5,4,2,4,5,1,1,4,2,1,5,5,4,2,2,4,2,,,,4,5,,5,4,1,,,1,,1,2,1,7,1,2,3,1,80113,2,1,,3,,2,2,2,2,2,2,2,2,2
853,R_1YcNHcmP4TJX3wt,4,5,1,4,3,4,3,5,4,4,3,4,4,4,3,2,4,4,3,4,4,3,4,4,3,4,4,3,4,4,4,4,4,4,4,5,4,3,,4,4,3,4,4,4,4,5,2,4,3,4,4,6,7,4,5,6,2,3,5,80241,6,2,,1,,6,4,2,1,1,4,5,1,1
649,R_3kjsZFTjcJZ2KGL,4,2,4,3,4,4,4,4,4,3,4,4,4,4,,,5,4,5,,,,,,,4,,,,4,4,,3,3,3,,,,,4,,,,,,,,4,,4,4,,5,5,5,5,5,2,6,5,80204,3,1,,1,,5,2,4,4,2,3,3,1,1
488,R_3PiFUwLsjQAMtcd,4,4,1,4,4,4,4,4,4,4,4,4,4,4,4,1,1,4,4,3,4,2,4,4,4,4,4,3,1,4,5,4,4,4,4,4,4,4,4,5,4,4,2,3,3,3,4,1,4,4,4,4,5,5,5,5,5,2,4,3,80634,7,2,,3,,6,1,1,2,1,1,1,1,1
487,R_5gA5cbOe2g6xBKa,4,4,4,4,4,4,4,4,4,5,4,5,4,4,4,4,4,4,3,3,4,3,4,,4,4,4,4,4,4,4,2,4,5,,4,5,5,4,4,4,2,3,,3,,4,4,4,4,4,4,5,7,5,6,6,2,5,3,80214,6,2,,3,,4,1,1,2,1,3,4,2,2
353,R_32Y2If5YiFWdnpB,4,5,4,4,2,4,2,4,4,2,2,4,4,2,4,5,4,2,4,4,2,4,4,2,4,2,4,4,2,4,2,4,3,2,4,2,4,2,4,2,4,2,4,2,4,4,2,2,4,2,4,4,5,6,5,6,5,2,2,2,80241,2,1,,3,,4,1,1,1,5,5,5,1,1
589,R_6odLTZa185lnRkb,4,3,4,5,4,2,4,2,4,4,4,4,4,4,4,4,4,4,4,4,4,2,4,2,4,4,4,4,4,4,2,4,4,5,5,4,4,,,,,,,,,,,,,,,,6,5,7,5,7,2,3,2,80015,2,2,,2,,4,1,1,1,5,1,1,1,1
502,R_1q2ekCAaQHCHCqU,4,,4,4,5,2,5,4,5,2,,4,,4,2,4,4,2,2,5,4,4,5,4,,4,5,4,3,4,5,,4,,4,5,5,4,5,4,5,4,5,4,4,4,4,4,5,5,5,5,6,6,6,6,6,2,4,4,33445,2,1,,1,,5,2,3,4,5,2,2,3,4
512,R_3ahlB7xh6XHPgZD,4,4,5,4,4,4,1,1,1,4,1,1,1,1,1,5,,5,4,2,4,,2,2,4,2,4,3,4,4,1,4,1,3,4,4,4,1,2,4,4,,3,1,,,4,1,4,,4,4,5,5,5,5,5,2,2,1,81052,5,1,,2,,1,1,1,1,5,5,5,1,1
667,R_5LiEIUv3teqTE9m,4,3,4,3,4,4,4,4,4,4,4,,3,,5,4,5,4,4,4,3,5,2,4,4,4,4,4,4,4,4,4,4,2,4,3,4,4,4,3,2,2,4,3,4,3,4,4,4,3,3,4,7,7,7,7,7,2,6,6,80111,3,1,,2,,5,1,1,2,3,2,2,1,2
366,R_5JjDUe8iinseKsh,4,4,5,5,5,4,4,4,4,4,3,3,,3,4,3,4,5,5,4,5,3,4,5,3,5,4,3,5,4,5,5,4,4,4,5,4,3,3,3,3,3,5,3,3,3,3,5,5,,3,3,7,7,7,7,7,2,5,4,80925,6,2,,2,,5,4,2,2,3,2,2,2,1
722,R_3n1G1aW7UCQ0JXw,4,4,1,1,1,3,2,2,1,4,3,2,2,2,2,4,5,3,2,4,4,4,4,4,2,3,4,3,4,4,1,1,3,1,2,1,5,1,2,2,5,2,1,2,3,5,5,2,4,1,3,5,6,6,6,6,6,1,2,3,81504,5,2,,3,,7,1,1,1,1,1,1,1,1
1139,R_5c7JkDQVCt5BUcN,4,4,4,4,2,4,3,4,2,4,2,4,2,4,2,5,4,4,4,4,4,5,4,4,4,4,4,2,4,4,4,4,4,2,2,2,4,2,2,4,4,2,4,2,2,4,2,4,1,4,2,2,3,5,3,5,3,1,5,3,80525,2,2,,2,,3,1,2,2,3,5,5,1,1
693,R_3wOcQipn576Y4Br,4,4,2,4,4,5,4,3,,5,3,3,1,1,1,4,4,3,3,3,4,3,4,4,,4,4,3,5,4,5,5,3,3,4,4,5,3,5,4,4,,3,1,4,4,4,3,,,4,5,5,5,5,6,6,2,5,2,80913,3,2,,5,,4,1,1,1,4,4,3,1,1
589,R_6IbFylwWL4TfY4E,4,4,4,5,4,4,3,3,,4,,,,,,4,5,4,,4,4,,4,4,,5,5,4,4,4,4,4,5,3,5,4,4,,4,4,,3,4,5,3,,5,4,4,,4,4,6,6,6,6,6,2,3,1,80204,5,2,,2,,1,2,1,1,1,3,4,1,1
498,R_5rxQwTNNd1sQMZX,4,,,,4,,,4,,,,,1,,1,,5,,,4,5,,4,,,5,4,,,4,4,1,1,,5,4,4,1,4,4,3,,2,4,5,4,4,1,3,1,4,4,2,4,3,2,3,2,3,5,80003,5,1,,3,,4,3,3,4,1,5,5,1,1
323,R_6dXyQ0Qezcx2MDV,4,2,4,5,1,2,5,2,2,1,2,1,4,4,2,5,4,1,4,5,1,5,4,4,2,4,4,4,2,4,5,5,4,,2,2,2,4,5,5,5,4,5,5,5,2,5,5,2,1,5,5,7,4,6,6,2,1,5,2,81004,3,2,,4,,5,1,2,2,2,4,3,2,2
601,R_5Nqpug78n7Kt8V6,4,4,4,4,4,5,1,1,1,4,1,1,1,1,1,4,5,5,1,1,4,5,5,2,2,5,5,1,2,4,4,5,1,5,5,5,5,1,5,4,5,1,1,5,5,5,5,5,5,4,4,5,2,2,2,2,5,1,2,1,81144,4,1,,2,,5,5,5,4,4,3,3,3,4
462,R_1sB7Cb5RNaIIh7f,4,3,2,2,4,3,3,2,1,1,2,3,1,1,5,4,2,4,1,4,1,2,4,4,1,2,2,2,4,4,3,2,,1,3,4,4,2,4,4,4,2,2,3,5,5,4,4,4,2,4,4,6,6,6,6,6,2,3,3,80012,2,2,,2,,2,1,1,1,5,5,5,1,1
1105,R_1w024sNddmWREcP,4,3,3,4,4,5,3,2,3,4,3,3,3,4,4,4,4,4,,4,4,4,4,4,3,4,4,4,4,4,5,5,2,4,4,5,4,3,4,4,3,3,4,3,4,5,4,4,3,3,3,3,6,7,7,6,7,1,5,5,80817,3,2,,5,,3,3,4,5,3,1,1,2,5
352,R_3uPaqFsA0ye4AoK,4,2,4,5,2,3,1,5,4,3,4,1,5,2,3,5,1,4,2,5,4,2,3,3,5,2,4,1,4,4,2,3,,1,5,4,4,4,2,2,4,,4,2,4,2,4,2,4,2,2,4,7,2,6,1,4,2,4,1,81637,3,2,,3,,3,1,1,1,1,5,5,1,1
365,R_3DomVZV0JqHJxId,4,4,4,5,5,4,4,4,4,4,4,4,4,4,4,4,5,4,4,4,5,4,4,5,4,5,4,,4,4,5,5,,4,4,4,5,4,4,5,5,4,4,4,4,4,4,5,5,4,5,4,6,6,7,6,6,2,5,5,80219,4,2,,1,,5,3,3,4,3,3,3,4,3
494,R_3gpv938UeXafmmX,4,4,4,4,4,5,3,3,3,3,3,4,2,3,3,3,4,3,3,3,4,2,3,3,3,4,3,3,,4,3,3,,3,3,4,3,3,4,4,4,2,3,3,4,3,3,3,4,2,3,3,4,4,5,4,4,2,2,3,80239,3,1,,2,,3,3,3,3,3,2,2,2,2
402,R_5wnx4xY20idcWB0,4,2,5,2,5,3,4,2,2,4,2,2,2,2,2,5,5,2,2,4,4,3,4,2,2,4,5,3,4,4,5,2,2,3,4,5,4,2,4,4,2,2,2,4,4,2,4,5,4,2,4,2,3,3,5,3,6,1,2,3,80031,5,1,,2,,5,3,3,3,2,2,2,2,2
449,R_7xmVr9Z38vlmIr7,4,1,1,1,1,2,1,1,1,1,4,1,1,2,1,5,5,4,1,4,5,1,5,5,1,4,3,1,4,4,5,1,2,1,4,5,2,2,5,1,1,1,4,3,5,1,2,1,5,2,4,5,7,6,7,6,6,1,2,1,80003,3,2,,3,,4,1,1,1,1,5,5,1,1
562,R_1nNNTIcka6QoB4x,4,1,5,,5,,4,4,2,,,,,,,4,4,,5,5,,4,5,,,,5,,,4,1,5,5,5,4,4,5,5,5,5,4,5,5,5,5,5,5,5,4,5,4,,7,7,7,7,6,2,2,2,80011,4,1,,2,,1,1,1,1,5,5,5,1,1
13342,R_1xMf6PKzT0ecBBn,4,4,3,3,4,2,2,4,2,4,2,4,5,5,4,5,5,5,4,4,2,4,2,4,4,5,4,4,5,4,4,4,4,5,4,4,2,4,4,4,4,5,4,4,5,4,4,5,4,5,4,5,6,6,7,5,6,2,5,5,80013,3,1,,1,,6,2,2,2,3,3,4,2,4
509,R_6qBDUJFKWbxb9oN,4,4,1,4,4,4,2,4,4,4,2,4,2,4,2,4,4,4,2,4,4,4,4,4,2,4,4,4,2,4,5,4,5,5,4,4,4,2,4,2,4,2,2,2,4,2,4,4,4,2,4,2,5,6,6,1,3,2,2,3,80922,4,1,,1,,5,5,4,5,5,1,1,2,4
698,R_3qUe1tTSP4Eshqh,4,4,4,4,4,4,3,4,,4,,,,,,4,4,4,4,4,4,4,4,4,,4,5,,4,4,5,4,4,4,4,4,4,4,4,4,4,3,5,4,4,4,4,,4,4,4,4,5,4,4,3,3,2,6,5,80125,7,1,,3,,4,3,3,3,2,2,3,1,3
909,R_61dZ04VG4rUSFzS,4,4,4,4,4,4,4,4,4,4,4,4,4,4,4,4,4,4,4,4,4,4,4,4,4,4,4,4,4,4,5,4,4,4,4,4,4,4,4,4,4,4,4,4,4,4,4,4,4,4,4,4,5,6,5,5,5,2,5,4,80127,6,2,,3,,3,1,1,1,5,5,5,1,1
520,R_325cqlfzYOKAHGK,4,4,4,4,4,3,4,4,4,4,4,4,4,4,4,4,4,4,4,4,4,3,4,4,4,4,4,4,3,4,5,4,4,4,4,4,4,3,4,3,3,3,4,4,4,4,4,4,4,4,4,3,6,6,4,5,5,2,3,6,80211,6,2,,1,,6,3,2,3,3,2,3,2,2
449,R_7rKDZk993xbQTuN,4,4,,4,,,,,,,4,,,,4,4,4,4,,4,,4,4,4,,,4,,4,4,,,4,,4,4,4,,4,4,,,4,4,4,4,4,4,4,,4,4,5,5,5,5,5,2,6,5,80921,7,2,,2,,3,2,1,2,3,3,3,1,1
618,R_7Ii1fxK5jSoZigo,4,2,5,4,4,3,1,4,1,4,1,3,1,2,3,5,3,3,3,4,5,2,5,3,2,3,3,3,4,4,4,5,2,1,3,3,3,5,4,3,5,,2,3,3,2,3,5,2,1,5,1,5,5,5,2,4,2,2,3,80127,4,1,,5,,5,2,2,1,2,3,1,1,1
459,R_3i9ACwztorlJHja,4,4,4,4,4,4,4,4,3,4,4,5,4,5,4,5,4,2,2,4,4,2,4,4,4,4,4,2,4,4,2,4,3,4,4,4,4,4,4,4,4,,4,4,4,4,4,3,4,1,4,4,6,4,4,4,5,1,3,2,80235,3,2,,2,,3,1,1,1,3,5,5,1,1
467,R_5JnNqpLHYMeFzk5,4,4,4,4,4,4,4,4,3,5,3,3,3,3,3,5,5,5,2,2,5,1,3,3,1,2,4,2,5,4,4,2,5,1,1,1,1,1,1,4,1,1,2,3,2,5,2,2,3,1,2,1,7,5,6,3,5,2,3,3,81240,4,2,,1,,5,3,3,4,3,4,4,3,3
349,R_7NVSZxlW0dHV1Ga,4,5,4,3,3,4,2,5,4,2,3,4,3,4,5,4,4,4,4,3,3,2,4,2,4,2,4,3,4,4,3,4,3,4,4,2,4,4,3,3,3,4,2,4,4,3,3,4,3,3,3,4,6,5,5,7,7,2,6,7,80220,4,1,,2,,7,5,3,4,4,1,4,3,1
1037,R_6hzD5MdeeRHwcO0,4,3,4,4,4,3,3,3,3,3,3,5,2,3,5,3,5,3,3,3,5,4,3,4,3,4,3,3,3,4,1,5,3,2,4,5,2,3,4,3,4,1,4,4,3,3,3,1,5,3,5,3,5,5,6,5,5,2,2,5,80538,2,3,,2,,3,4,4,4,3,5,1,1,1
461,R_6rfvlIDc1gO2NaH,4,1,2,3,4,2,1,4,1,1,,4,2,4,4,4,4,3,1,3,2,1,2,4,2,4,2,,2,4,3,3,2,,4,,2,3,2,1,,,,,,,4,,,,,,7,7,7,2,4,2,3,3,81635,3,1,,3,,5,5,4,4,1,5,5,1,1
430,R_7CO4uttZYIvyfv5,4,3,2,4,2,5,4,4,1,4,2,3,4,2,5,1,5,2,3,4,5,2,4,2,1,5,5,3,4,4,5,3,1,2,4,3,4,2,5,3,4,,3,2,1,5,1,5,5,2,5,2,5,2,2,5,3,1,3,7,80504,2,2,,2,,5,3,2,4,1,5,5,1,1
719,R_6kh5eMfVGMhRqQh,4,5,5,5,4,5,5,5,4,5,5,4,5,4,5,5,5,5,5,5,5,5,4,5,4,5,5,5,4,4,5,5,5,4,5,5,4,5,4,4,5,5,5,4,4,5,5,5,4,5,4,5,6,6,7,7,7,2,5,6,30111,4,1,,2,,7,5,5,4,3,4,3,5,4
754,R_3HiStAMN14XVoeG,4,,4,4,4,4,4,4,2,4,5,5,5,4,4,4,4,4,,4,4,,3,3,5,5,5,5,5,4,4,4,4,,4,2,4,3,3,5,4,2,4,4,4,4,,5,5,3,3,,5,5,3,6,6,2,6,5,80111,3,1,,2,,5,5,5,5,4,4,5,5,4
322,R_6rW0gIlhdm36tcB,5,5,5,5,5,5,5,5,5,5,5,5,5,5,5,5,5,5,5,5,5,5,5,5,5,5,5,5,5,4,5,4,5,5,4,4,5,5,5,4,5,5,5,5,5,5,5,5,5,5,5,5,7,6,6,6,6,2,5,4,80203,2,1,,2,,7,4,5,5,5,5,5,5,5
2675,R_3jlMr6Mxi5MwBzj,5,1,2,2,3,1,1,1,1,1,5,1,1,1,1,3,4,3,1,5,4,1,5,3,1,4,4,1,3,4,5,5,3,5,3,4,4,3,5,5,4,1,5,1,5,3,4,5,3,1,3,5,4,5,6,6,6,1,2,1,80214,4,1,,4,Libertarian ,2,3,3,3,3,5,5,1,1
537,R_31kpioDefgLzsit,5,5,4,4,,2,2,4,2,4,2,4,2,2,2,5,5,5,2,5,5,5,5,5,2,5,5,5,5,4,5,,4,5,,4,,4,4,4,,3,5,,,5,4,4,5,,5,4,6,5,5,5,6,2,5,3,80010,6,1,,3,,4,2,1,1,3,3,4,1,1
597,R_64CQL8kV7aLqyiH,5,5,4,3,4,4,2,2,4,4,2,4,2,4,5,4,4,4,4,2,4,2,2,4,2,4,2,2,5,4,5,3,2,4,4,2,5,4,4,5,4,3,4,4,5,4,4,2,4,2,4,4,6,3,6,6,6,2,3,2,80012,3,2,,2,,6,4,3,4,3,3,4,2,4
621,R_3uBvE7zByNz7oKS,5,4,1,4,1,1,1,1,1,1,4,4,1,1,1,4,5,5,1,5,4,1,5,5,1,4,4,5,5,4,1,1,1,4,4,1,1,1,1,4,1,1,1,1,1,1,4,4,1,1,5,1,6,6,3,3,3,1,5,3,80203,3,1,,2,,6,4,1,5,1,4,5,1,1
256,R_7HD3WZuwIgHc093,,4,4,,4,3,3,3,,,,,,,,,2,,4,3,4,4,4,4,5,4,4,,4,4,4,4,,2,,4,4,4,4,4,,,,,,,4,4,4,,,,5,5,5,4,7,2,4,2,81020,5,2,,5,,5,2,2,3,3,2,2,2,2
602,R_1MnEe1NeAKVuHuc,,,5,,,,,4,,,,4,,,,4,4,,,,4,,,,,,4,,,4,5,5,,3,5,,,4,,5,4,,4,,,,5,,5,,4,,7,6,6,6,6,2,4,3,81041,5,2,,2,,4,2,2,2,4,3,3,3,3
398,R_5laUIgU3oNgxVKp,,,,,,,,,,4,,,,4,4,3,4,,,,,,,,,,,,5,4,5,4,,,4,,,,,,5,,,,5,,5,5,5,,4,5,7,5,5,6,6,2,2,1,81001,2,2,,3,,5,3,5,1,3,4,2,1,5
828,R_6O7ejjPA7fDE9H5,,4,3,4,5,4,4,3,4,4,3,4,3,3,4,5,4,4,4,4,5,4,5,5,4,5,5,5,5,4,4,5,4,4,4,5,5,4,5,4,4,,4,1,4,4,4,4,5,1,2,1,7,7,7,7,7,1,4,1,80012,7,2,,2,,2,1,1,1,5,5,5,1,1
379,R_35vhPCscxIbw9X7,,4,4,4,4,4,4,4,3,4,3,4,4,4,3,3,4,3,3,4,4,5,4,4,4,4,4,4,4,4,4,4,4,4,4,4,4,3,3,3,4,3,,3,3,3,3,4,3,3,4,4,5,5,5,5,5,2,6,5,80921,4,2,,5,,5,1,1,1,4,4,5,1,1
374,R_6Eytjlsd9Fg8qhM,,4,4,4,4,5,4,4,5,4,,5,,,,5,5,5,,5,5,3,,5,,5,,,5,4,5,5,,,5,5,5,3,,5,,3,,5,5,5,5,5,5,,5,5,7,7,7,7,7,2,3,1,80233,4,2,,3,,1,2,2,2,2,5,5,1,1
693,R_5KrPSYLV5CcITjD,,,,4,4,4,,,,,,4,,,4,,4,,,4,,,,4,,,,4,,4,4,4,,,,,,,,,4,3,,,,,,,,,,,7,5,6,6,6,2,6,4,80123,7,1,,3,,4,3,2,3,4,3,3,3,3
456,R_77vNSlJaiddWYjE,,,5,5,4,2,5,5,1,,2,4,2,4,4,5,,4,2,4,5,1,4,4,2,4,4,1,5,4,2,4,2,4,2,5,3,,4,4,4,3,5,,,,,5,,,,,6,7,5,5,6,2,5,3,80111,4,2,,2,,1,2,2,2,5,5,5,1,1
882,R_7nUdEkwaguBqdNQ,,5,,,5,,,3,,5,1,5,,1,1,5,1,5,4,5,5,1,5,5,4,4,1,5,5,4,5,5,5,5,4,4,5,5,4,5,5,,4,5,5,,5,5,4,,5,2,7,6,7,5,6,2,3,5,80112,7,2,,3,,6,3,3,3,2,2,4,4,2
442,R_3kbRQD8W3G6pLpI,,,4,4,4,2,2,4,4,2,2,2,2,2,2,4,,4,2,4,4,2,4,4,,4,4,,,4,4,,,2,,4,,,4,4,4,,4,4,,,,4,4,,4,2,4,6,5,3,5,2,6,4,80525,7,1,,2,,2,2,2,2,3,3,3,2,3
661,R_1eKVfuudoqrnAoQ,,4,2,2,2,4,2,2,2,4,2,2,2,2,2,4,4,,,2,,1,2,,4,3,,4,4,4,4,,4,2,,4,4,,4,1,2,2,4,4,4,4,2,4,2,,4,4,5,5,1,3,2,2,5,5,80031,5,1,,1,,6,3,3,3,2,3,3,3,3
587,R_3IeHtYcnkzujGLf,,3,3,,,,3,4,4,4,,,,,,4,5,,,4,5,4,5,5,,5,2,,4,4,4,3,4,1,4,,,4,4,4,5,,,2,4,4,3,3,3,,4,3,4,6,6,4,5,2,3,5,80015,6,1,,1,,5,4,2,4,4,2,4,3,4
1220,R_7DYoXeYsTddHPDf,1,2,1,1,1,1,1,1,1,1,1,1,1,1,1,,2,5,2,3,5,,4,5,,5,5,2,4,5,5,,4,,4,1,1,1,3,4,1,,1,,,1,4,1,5,1,5,1,5,5,4,5,5,2,6,1,81501,7,1,,1,,6,3,2,1,4,1,1,3,5
1656,R_5CZ74gIiUV0AbwV,1,4,1,1,1,2,1,2,1,5,1,2,2,2,4,5,4,3,1,3,5,1,2,5,1,5,1,1,5,5,1,2,1,5,5,1,1,1,1,4,5,1,1,5,5,1,5,5,5,1,5,1,7,6,6,4,3,1,2,1,81520,3,2,,3,,4,2,1,1,2,1,1,2,1
824,R_3lgkxX3qVG2YD6W,1,2,5,1,2,3,1,1,1,3,1,4,1,1,4,5,5,5,3,4,5,2,5,5,1,5,4,1,5,5,3,4,5,1,3,4,5,1,5,5,5,1,4,5,5,5,3,1,5,1,3,4,5,4,4,4,4,2,2,2,80239,5,2,,2,,4,3,2,1,1,3,2,2,2
2245,R_1Ld3Tv8ovBid7TH,1,5,5,5,5,4,1,2,1,5,1,1,1,1,1,4,5,5,1,5,5,1,5,5,1,5,5,1,5,5,5,5,5,3,5,5,5,3,5,5,4,1,3,4,5,3,1,3,5,1,5,3,5,5,4,5,4,1,4,2,80227,5,2,,1,,7,5,5,5,5,1,1,5,5
370,R_6ux4nxBCw5Q9E2T,1,,1,1,1,1,1,1,1,1,1,1,1,1,1,1,5,1,1,1,5,5,5,5,5,5,4,1,1,5,5,5,1,,5,2,5,,5,1,5,,5,,2,1,3,5,4,,2,,5,5,5,5,5,2,6,3,80435,5,2,,2,,5,2,2,2,2,5,5,2,2
380,R_3vTqfAFg88icNcl,1,1,1,1,1,1,1,1,1,3,1,1,1,1,1,5,5,4,1,1,5,1,2,5,1,5,1,1,5,5,5,5,5,1,5,5,5,1,5,1,5,1,3,3,1,1,4,4,3,3,4,,7,7,7,1,7,2,2,1,80916,2,2,,4,Conservative ,1,3,3,5,5,4,4,1,1
2373,R_5QbjA3LzvYRMz7L,1,4,5,1,,2,1,1,1,4,1,1,1,2,1,4,5,2,4,5,4,,5,5,1,5,5,4,5,5,1,3,2,2,5,4,,5,4,5,,5,2,5,4,2,,1,4,,5,5,4,5,1,1,5,2,3,4,80909,6,1,,3,,3,2,4,2,2,5,5,1,1
355,R_3VNvbS7T6s3RQDT,1,1,,,4,2,,4,,,,4,5,4,5,5,5,2,1,1,4,1,1,1,1,1,4,1,1,5,5,5,5,4,,4,,2,4,2,4,2,4,4,4,5,5,5,5,4,5,3,5,6,5,7,7,1,3,3,80523,2,2,,2,,2,1,1,1,5,5,5,1,1
821,R_63RKsJeVgKsbHvH,1,1,1,1,1,1,1,1,1,1,1,1,1,1,1,2,3,1,1,4,4,1,4,4,1,4,1,1,2,5,1,4,4,4,4,1,1,1,1,4,4,1,1,4,4,1,4,4,2,1,4,1,4,4,4,4,4,1,1,1,81520,5,2,,3,,4,1,1,1,1,1,1,1,1
542,R_3abqfvKgxWfDJMQ,1,1,5,1,4,5,1,5,1,1,1,1,1,1,1,1,5,1,1,5,5,1,5,5,1,5,5,5,1,5,1,1,1,,5,1,1,1,1,5,5,,1,1,5,1,5,1,5,1,5,1,2,6,7,1,7,2,2,2,81001,5,1,,3,,1,5,2,1,1,5,4,1,1
2325,R_6yOCpPU6k4bhS01,1,1,5,5,5,3,1,1,1,1,1,1,1,1,1,1,1,1,1,1,1,5,5,1,1,1,1,1,1,5,1,5,1,1,1,1,1,1,1,1,1,1,5,1,1,1,1,1,5,3,1,1,7,1,7,7,7,2,2,2,80906,3,2,,2,,1,1,1,1,5,5,5,1,1
474,R_35ZqUS9Dnsbkfl5,1,1,1,1,,3,2,2,,5,2,,5,4,5,1,5,1,1,2,5,2,2,2,2,5,4,5,5,5,5,1,1,1,3,2,2,2,1,1,5,,2,1,1,5,5,5,5,1,5,5,3,4,3,5,4,1,1,1,80010,2,2,,1,,4,2,1,1,5,5,1,1,1
353,R_5GDoCTCQ1yo1Utb,1,5,5,5,5,5,1,1,1,5,1,5,1,1,1,5,5,5,1,5,5,1,5,4,1,5,2,2,5,5,5,5,5,5,5,5,5,4,4,,5,,4,4,5,5,,,4,,4,4,6,6,3,6,3,2,4,3,80936,2,2,,1,,7,5,5,4,3,4,4,3,4
763,R_3LbtNcvgHeZaT1p,1,5,5,5,5,5,1,1,1,5,1,1,1,1,1,4,5,4,2,4,5,1,5,5,1,5,5,1,5,5,5,5,5,,1,5,4,2,4,5,5,,2,5,5,2,5,5,5,1,5,5,7,7,6,7,7,2,2,5,81005,4,2,,2,,1,1,1,1,5,5,5,1,1
452,R_3QKpjfHIsZtymoV,1,1,4,5,5,5,1,1,1,1,1,4,1,1,1,1,5,5,1,5,1,1,5,5,1,5,5,1,5,5,5,5,1,,4,1,4,2,2,2,4,,4,2,4,4,4,2,4,2,2,2,5,4,2,2,5,2,3,1,80012,3,1,,3,,4,2,1,1,1,1,5,5,1
374,R_6nl5sZSKFYIBFDo,1,1,1,1,1,1,1,1,1,1,1,1,1,1,1,1,4,4,1,5,4,1,4,4,3,4,5,3,5,5,1,1,1,1,5,2,5,1,1,5,5,2,1,5,5,1,5,4,5,1,4,1,7,7,7,7,7,2,3,2,80913,3,1,,5,,4,1,1,1,1,1,1,1,1
733,R_7P25yznZA7pDsK6,2,4,4,4,5,2,2,3,2,3,1,2,2,2,2,5,5,5,2,4,5,2,4,4,2,5,5,5,5,5,5,5,5,3,4,5,5,3,4,4,4,3,3,4,5,5,5,4,4,2,5,5,6,6,6,5,6,2,3,2,80911,6,1,,2,,1,1,1,1,1,4,4,1,1
419,R_1oO4tM0pr3cylXi,2,5,5,3,2,4,1,1,1,5,2,1,1,1,1,4,5,5,2,4,5,1,4,5,2,4,4,1,5,5,4,2,5,,5,4,2,1,4,5,5,,2,4,2,1,5,4,5,1,2,5,6,6,5,6,5,2,2,2,80229,3,2,,2,,5,2,2,2,2,4,5,1,1
559,R_1GLEO7BUekalBZL,2,2,2,2,2,2,2,2,2,2,2,2,2,2,2,,4,5,5,5,5,1,5,5,5,5,5,1,5,5,3,,3,2,5,2,2,2,2,5,3,1,1,5,5,1,1,1,4,1,5,3,4,4,4,4,4,2,5,2,80640,7,1,,1,,5,3,3,3,3,3,3,1,1
3583,R_7CUIYfxcQd5tL45,2,2,2,5,2,2,2,2,2,4,2,2,2,2,2,1,3,4,2,4,5,2,5,5,1,5,5,1,4,5,3,2,1,1,5,3,3,3,,5,5,3,2,2,2,2,5,1,4,1,5,5,7,7,2,1,4,2,2,2,80466,6,1,,1,,6,3,2,3,3,5,5,1,1
362,R_35G9IaCcpT6ZI22,2,2,5,5,2,5,2,2,5,5,2,3,,2,3,5,5,3,,5,5,3,5,5,3,5,5,3,5,5,5,5,3,3,5,5,5,3,5,5,5,3,3,5,5,3,3,5,5,3,5,5,7,7,7,7,7,2,5,1,80017,5,2,,2,,7,5,5,5,5,5,5,5,5
385,R_7uwGkI5zOMABoaW,2,4,5,2,2,4,2,4,2,4,4,2,2,4,3,5,5,4,3,3,5,3,4,5,1,4,3,2,4,5,4,1,3,3,5,4,3,1,4,3,5,1,4,5,4,1,5,3,4,1,4,5,4,6,2,7,7,2,2,1,80229,3,2,,3,,4,1,1,5,3,5,1,1,1
479,R_3YLaHgXFwkB3M6l,2,4,,2,3,4,2,,2,5,3,2,,4,4,,4,4,4,3,4,1,3,5,4,5,5,,5,5,5,5,,,4,,5,,4,5,5,,,,5,4,5,,5,,5,,7,6,6,7,5,2,2,1,81416,3,2,,1,,7,3,2,3,2,4,5,1,1
617,R_6Y3sFARWKvo1VDj,2,2,,4,4,5,2,2,2,4,1,3,1,1,2,5,4,5,2,4,5,2,4,4,1,4,5,1,5,5,5,5,2,2,4,2,4,5,4,5,4,1,2,5,5,5,5,4,4,1,4,5,7,6,7,6,7,2,1,1,80226,2,2,,2,,5,4,3,1,4,2,2,4,3
317,R_1OAdYLS2so5jJp7,2,2,3,4,5,2,4,2,4,5,2,2,4,4,5,5,5,2,1,3,5,5,2,4,2,5,5,2,4,5,5,5,2,2,4,3,5,2,4,4,5,3,5,4,5,5,2,2,5,2,5,5,7,7,3,3,5,1,1,1,80219,2,2,,3,,1,2,3,3,3,3,4,4,2
2793,R_62bUUA2ORHKv9OD,2,2,4,4,4,4,4,4,2,4,2,2,2,2,2,4,5,5,4,5,4,3,4,5,2,4,2,2,4,5,5,2,,3,3,5,4,2,4,5,4,3,4,4,5,3,,,4,,,,5,3,4,3,3,2,2,1,80221,5,2,,3,,4,2,2,2,2,2,2,3,3
622,R_7AHEyt9JA4uaPks,2,2,,2,2,4,2,5,4,2,3,5,5,5,4,,5,,4,2,5,5,5,2,,4,5,2,4,5,3,2,2,3,4,2,2,2,2,5,5,3,2,2,4,4,4,5,5,,4,2,6,3,5,2,6,1,4,3,80220,2,1,,3,,3,3,4,4,3,4,3,1,1
1753,R_1pbbO8isMCYJILO,2,2,5,4,4,5,1,1,2,4,1,1,1,4,1,5,4,2,1,4,4,1,4,4,1,5,4,1,5,5,5,2,,,5,5,4,1,4,5,4,,1,1,5,1,4,4,2,1,4,5,7,7,6,6,7,2,4,3,80922,3,1,,1,,5,5,4,5,1,5,3,1,1
359,R_7kHVUN9lHm0NCKw,2,2,2,1,1,5,2,2,2,4,2,1,1,1,2,5,2,5,2,4,4,2,5,5,2,2,5,2,5,5,2,3,1,1,5,4,4,1,2,5,5,,2,5,5,5,5,2,4,2,5,2,6,5,6,6,5,2,5,3,80011,4,2,,2,,6,2,2,1,5,1,1,5,4
1697,R_5cCuh3peA1FMaBg,2,4,5,4,5,2,2,4,1,2,3,4,3,3,4,5,5,2,4,2,5,5,4,4,1,2,4,4,5,5,5,4,2,1,5,2,2,1,5,5,5,1,4,5,5,5,4,1,5,4,4,2,3,6,5,6,2,2,5,3,80211,3,2,,3,,3,2,1,2,3,4,3,2,2
1148,R_7LNHBJiyxGyqBc8,2,5,4,1,,4,1,1,4,4,1,1,1,1,1,5,5,1,1,4,5,4,5,5,1,4,1,1,5,5,5,4,4,1,5,3,1,1,4,4,4,1,4,4,4,5,4,5,5,1,4,5,4,2,5,5,5,1,3,2,80014,4,2,,3,,4,4,3,4,3,3,3,1,1
867,R_39cgtQ8k6y44h9a,2,,2,,,4,2,2,2,4,2,2,2,2,4,2,4,,4,3,2,4,,4,,4,4,4,,5,4,4,,,4,4,2,,2,4,3,,,4,4,,4,2,4,2,4,4,5,5,6,5,4,2,2,2,80906,4,1,,3,,5,3,2,3,3,2,2,1,1
438,R_5Of7dRRdhjgQgx8,2,2,2,2,5,5,2,2,2,5,2,2,2,2,2,5,5,5,2,4,5,2,2,5,5,5,2,5,2,5,5,3,,3,5,,,,5,5,5,2,,,5,,,5,,,,,7,7,7,7,7,1,3,3,81005,4,2,,4,Libertarian ,5,2,2,2,2,4,4,2,4
856,R_1WOTQ2a1WK27Ziq,2,2,2,4,1,4,2,2,2,2,2,4,2,2,2,5,5,2,4,2,5,1,4,4,2,5,2,3,4,5,5,2,2,1,4,2,4,2,4,4,2,1,4,4,2,3,3,1,4,1,2,5,6,1,3,1,5,2,4,4,81501,2,2,,5,,2,1,1,1,1,4,4,1,1
493,R_6Lqb9LKOTLuB5QB,2,1,5,3,4,3,3,5,4,2,3,4,4,3,4,5,1,4,4,1,3,5,3,1,4,1,1,5,3,5,2,3,4,5,4,4,4,2,4,2,1,3,5,5,3,3,1,3,4,4,2,3,6,6,7,6,6,2,6,3,81321,5,1,,3,,4,1,1,1,1,5,5,1,1
611,R_6dFmA83JL4jjOee,2,1,4,4,,4,1,1,1,,1,1,1,1,1,4,4,5,1,5,4,1,5,5,1,5,1,1,5,5,5,1,5,,5,5,4,1,5,5,5,,5,1,1,1,5,5,5,1,5,5,7,7,6,7,7,2,2,2,80224,5,2,,5,,1,3,3,2,3,5,5,1,1
1004,R_3qfivvPCKCxYflL,2,1,4,5,4,1,,3,3,2,2,,,,1,5,4,4,,5,5,1,5,4,1,5,5,,4,5,5,5,3,3,4,4,5,3,3,4,5,,3,2,4,3,3,2,4,,4,2,7,7,3,4,4,2,3,5,80134,5,1,,1,,5,2,1,3,4,5,5,1,1
648,R_3uWzuhLFDkfvETy,2,5,,,2,4,2,3,4,4,1,1,2,3,4,5,5,4,3,4,5,1,5,5,2,4,4,1,4,5,5,4,5,,,4,3,3,4,4,3,1,3,3,4,2,4,2,2,1,3,3,5,5,3,1,2,2,4,3,80503,7,1,,1,,6,4,4,5,5,1,1,2,4
603,R_2gd5XscUUKWYxrF,2,2,5,4,4,2,1,2,2,4,2,2,2,4,2,2,5,2,4,2,4,2,4,2,2,4,4,2,2,5,4,4,2,,4,2,2,2,4,4,4,,2,4,2,2,2,5,4,1,4,4,6,5,6,6,6,2,6,6,80911,4,1,,1,,2,3,3,3,2,2,2,2,3
2202,R_3srQ46phO5mZzl7,3,5,4,5,4,3,3,3,2,3,3,3,3,3,3,3,2,3,3,4,5,1,5,5,3,5,5,3,5,5,5,4,5,3,5,5,5,3,3,5,5,3,2,5,5,5,5,1,5,3,5,5,7,6,6,6,6,2,6,4,80909,7,2,,1,,6,2,2,2,2,1,1,1,5
679,R_3cqlrGSYeasrHcw,3,5,5,,5,5,,3,,5,,,,,,,,,,,,,,,,,,,,5,5,5,5,3,5,,,,5,5,5,3,,5,5,,5,5,5,,5,5,5,7,7,7,7,2,2,1,81006,5,2,,3,,5,4,1,2,4,1,2,2,4
576,R_7QrgVuGZoISTUu0,3,5,1,1,5,5,3,4,,5,3,3,3,3,5,5,5,,3,5,5,3,5,5,3,5,3,,5,5,5,5,5,3,3,5,5,3,3,4,5,3,4,5,3,1,5,5,1,,5,3,3,7,6,6,6,2,2,2,80002,6,2,,1,,6,3,2,3,3,2,2,5,2
4033,R_6MzuddKnq0IbTSF,3,3,3,3,3,3,3,3,3,3,3,3,3,3,3,5,5,5,3,4,4,2,4,4,2,4,5,2,5,5,3,3,5,3,5,3,3,3,5,4,5,2,3,2,4,3,5,3,2,3,5,5,4,4,4,4,4,1,2,1,81635,5,2,,3,,4,3,3,3,3,3,3,3,3
549,R_3cpHYmHwAJgNIDR,3,2,1,1,2,4,3,3,2,5,2,2,4,4,1,1,5,2,2,2,4,3,2,2,2,5,5,2,3,5,1,5,3,,5,5,2,2,3,2,4,,1,2,1,1,4,5,5,2,3,2,7,2,6,6,6,2,1,1,33596,3,2,,3,,4,3,3,2,2,1,1,5,5
591,R_7p8UQq6JtjwVJM1,3,4,3,3,3,5,3,3,3,5,3,3,3,4,4,5,5,5,3,3,5,3,5,5,3,5,5,3,3,5,5,5,5,4,5,5,5,5,5,5,5,1,3,5,5,3,5,5,5,3,5,5,4,4,4,4,4,2,2,1,80010,6,1,,2,,6,2,2,3,2,2,2,3,2
868,R_3OoxiMUGjOxRy7u,3,4,3,,3,4,4,3,3,5,3,3,3,4,4,4,5,5,3,5,5,,5,3,3,5,3,4,5,5,5,5,4,3,5,3,3,,4,3,3,,5,5,3,3,3,3,3,3,3,5,5,6,2,4,5,2,3,3,80863,5,2,,3,,4,1,2,1,3,1,4,1,1
794,R_3LoFjGdXiXZGQvN,3,3,4,3,4,3,3,3,3,3,3,3,3,4,3,3,5,5,3,5,4,3,5,4,3,5,4,5,5,5,3,5,4,3,5,4,4,3,4,4,5,3,5,4,3,4,5,4,5,3,5,4,7,7,7,7,7,2,6,1,80916,6,2,,2,,2,1,1,1,5,1,4,1,2
561,R_5h3LB3DVoK0z8jv,3,4,4,3,4,5,2,2,2,4,2,2,2,2,3,3,4,4,3,4,5,2,4,4,2,4,3,3,4,5,3,3,2,1,5,4,3,2,4,3,4,1,3,3,3,3,3,2,4,2,4,3,4,6,6,5,6,2,3,1,80917,4,2,,2,,3,1,1,1,5,4,4,1,1
579,R_3h0VY6j6n96gAPn,3,3,5,5,5,5,1,1,1,5,1,1,1,1,1,4,5,5,5,5,3,1,,5,1,2,1,5,5,5,5,2,5,1,5,,3,,3,5,5,1,3,3,,5,5,1,5,1,5,1,4,7,4,4,5,1,1,1,80030,5,2,,5,,5,3,1,3,2,5,5,2,1
444,R_3gmQtDOAJjSW6B3,3,1,5,1,3,4,1,1,1,4,1,2,1,1,3,3,5,5,4,2,4,1,4,5,1,4,3,1,3,5,5,1,4,1,4,1,,1,2,1,3,2,4,4,1,4,4,5,4,1,5,,5,6,5,5,5,1,2,2,80634,4,2,,5,,1,5,4,4,4,3,4,3,3
554,R_1vY9zH5fkAiqwvU,3,4,4,2,4,4,4,3,,3,4,3,,,,4,3,4,4,4,4,2,4,4,3,4,4,5,3,5,4,5,3,3,3,3,4,2,4,3,4,3,3,3,3,4,3,3,4,3,2,4,6,6,7,6,6,1,6,6,80924,5,2,,1,,7,4,5,4,3,4,4,1,1
442,R_1ND2kAjXhVWZfD0,3,3,3,,3,3,3,2,1,5,4,5,5,4,5,5,4,4,4,4,4,4,2,4,5,5,1,5,4,5,5,5,1,,5,4,4,1,5,5,1,4,5,1,1,1,1,5,1,5,4,5,7,7,1,7,1,2,3,1,80202,3,1,,3,,7,5,5,5,5,2,2,2,2
1404,R_66ePldPCdsVBxbH,3,4,4,4,4,5,5,5,3,3,3,5,3,5,5,5,5,3,4,3,3,4,3,3,3,5,3,3,5,5,3,3,3,4,5,3,3,3,3,4,4,4,3,3,3,3,3,4,4,4,4,3,6,6,7,7,7,2,6,6,80111,4,1,,2,,1,4,2,5,4,5,5,5,1
367,R_3i0ZXWYEzxEOlLX,3,4,1,5,2,5,5,5,1,4,1,2,4,2,3,5,1,4,1,5,4,1,5,5,1,5,5,5,5,5,4,5,5,1,1,5,4,5,3,4,5,4,2,4,5,4,4,1,1,2,5,5,6,6,4,4,6,2,4,1,80219,6,1,,2,,4,5,5,5,4,4,4,5,5
417,R_12yrloQqlL2YB5n,4,4,4,4,2,2,5,4,4,2,2,4,5,4,5,5,5,4,4,4,2,2,2,2,2,2,2,2,3,5,5,5,4,4,4,4,2,1,2,2,2,5,4,4,5,5,5,5,2,3,4,3,7,7,6,6,6,1,3,3,80214,4,2,,2,,5,3,4,5,5,3,4,4,5
445,R_1goT6RsxaC1Q8yY,4,4,4,4,4,4,4,4,4,4,4,4,4,4,4,4,4,4,4,4,4,4,4,4,4,4,4,4,4,5,3,2,3,4,4,4,4,4,4,4,3,4,3,4,4,4,4,4,4,4,3,4,7,3,5,3,6,2,5,6,81005,3,2,,1,,4,5,5,1,1,5,5,1,1
307,R_53nUBJeNGsSSjoR,4,5,4,2,5,2,5,5,5,3,5,2,5,5,5,4,1,5,2,5,2,4,2,5,2,4,5,1,4,5,1,5,2,3,4,4,4,5,5,2,4,3,2,2,4,2,4,2,4,2,4,2,6,2,6,2,6,1,1,1,80223,2,2,,2,,6,3,3,4,3,3,4,3,3
1047,R_6rvlWjI2IPduFXj,4,2,5,4,,4,2,4,4,5,4,4,4,4,2,4,5,4,2,3,3,,5,3,3,5,5,4,3,5,5,4,2,3,5,2,3,2,4,5,5,3,4,5,2,4,4,4,4,5,5,4,7,6,6,5,7,2,6,6,80123,4,1,,2,,1,5,4,5,4,5,5,1,1
309,R_6f1cmduh6LPdqKT,4,4,5,4,5,4,4,4,5,4,4,4,4,5,4,5,5,4,4,5,5,4,4,4,4,5,4,5,4,5,5,5,4,4,4,5,5,4,4,4,4,4,4,4,5,4,4,5,4,4,4,5,6,6,5,6,6,2,5,2,80501,5,1,,1,,6,4,4,3,3,4,4,4,3
653,R_7VPJKhJ9RGLTkqt,4,4,4,4,4,4,2,1,1,5,2,2,2,3,3,5,5,5,4,5,5,3,5,5,,4,5,4,4,5,5,1,5,2,,4,5,4,5,4,1,2,,4,4,4,5,5,5,,5,4,5,6,4,5,6,1,1,2,80233,4,2,,5,,5,4,5,4,2,4,5,3,5
350,R_3I4xIDU0r8w9HSV,4,,4,4,4,,,,,,,,,,,4,5,5,,5,5,,,5,,4,5,,,5,,,,,,,,,,5,5,,,,,,5,,5,,5,,7,6,6,6,6,2,3,2,81091,7,1,,2,,2,2,2,1,4,4,5,1,1
554,R_57EGZl9XnpVLuwh,4,2,1,2,2,,,,,,4,,,,,4,4,4,4,4,4,,,,,,2,,,5,4,5,,3,,,,,,,5,3,,,5,,,5,,,,,5,6,3,5,4,2,6,7,80132,7,2,,1,,5,4,3,4,4,4,4,2,2
700,R_5jg39OgiMHjhWD1,4,4,4,4,4,5,,4,4,3,5,4,4,4,4,5,4,3,4,3,5,5,5,3,4,5,3,4,4,5,4,5,4,5,3,5,5,5,5,4,3,3,4,5,5,4,5,4,4,4,4,4,5,6,6,6,7,2,2,1,80211,5,2,,2,,5,4,4,4,4,3,4,4,3
838,R_3W0S8UTseceFvqx,4,4,3,3,3,2,2,2,2,,2,2,2,2,2,5,5,4,2,3,4,3,3,3,2,3,5,1,1,5,4,5,3,2,3,3,4,4,4,2,3,4,,3,5,3,3,2,2,2,3,4,6,6,6,6,6,2,3,1,80010,5,1,,5,,3,3,4,4,1,3,1,1,3
494,R_1Qs8yAGtTLIIB70,4,4,4,4,5,4,3,3,4,4,4,3,4,,4,4,4,4,4,3,4,4,4,3,4,4,4,4,3,5,4,4,4,3,4,4,4,3,4,3,4,2,4,4,4,4,3,3,4,4,4,4,5,5,5,5,5,1,4,3,80120,4,1,,3,,6,4,5,4,4,3,3,3,3
922,R_7RmtrRosVctXfKf,4,2,1,5,2,5,3,3,3,4,3,4,1,3,2,5,5,5,3,5,5,3,5,5,3,5,4,3,5,5,5,5,2,2,4,5,5,3,4,5,5,3,4,5,4,4,5,5,5,3,5,4,7,7,6,6,7,2,5,1,80651,4,2,,3,,4,1,1,1,1,4,5,1,1
604,R_5fHij26ijmCUetv,4,4,2,2,2,1,1,4,2,3,2,3,,,,4,4,4,4,4,4,2,4,4,3,3,2,3,4,5,1,4,1,4,4,3,3,3,4,3,3,2,3,3,2,3,4,5,5,3,1,3,6,6,4,4,5,1,5,2,81428,3,2,,3,,3,3,2,2,4,5,5,1,1
460,R_5CcjuWXY0Etcrrr,4,2,1,1,2,5,3,3,3,4,3,3,3,3,2,4,5,2,3,4,4,3,4,2,3,1,4,3,4,5,4,4,3,2,4,4,3,2,4,2,4,2,3,3,1,5,3,2,3,2,1,2,6,5,3,3,1,2,5,3,80129,3,1,,1,,6,4,3,5,5,4,5,2,2
465,R_3dWpLrBqHflfl61,4,3,2,3,4,5,2,3,,1,2,4,3,5,5,2,5,2,,4,5,2,3,1,2,4,3,2,1,5,5,4,2,1,4,1,1,1,3,3,5,2,1,2,4,5,4,5,5,3,1,3,6,6,6,5,3,1,6,4,80011,3,1,,2,,1,5,2,1,1,1,2,1,1
474,R_62o9MrQXxnz4Gsx,4,1,5,4,2,2,1,1,2,1,1,1,1,2,2,4,5,3,,4,,2,4,,2,4,2,2,5,5,4,2,4,1,4,5,5,5,1,2,,,5,2,,2,2,2,2,2,,2,7,7,7,7,7,2,4,3,80249,7,1,,5,,4,5,3,4,3,3,3,3,2
1452,R_7rHhS6QDkUTEPIZ,4,4,4,5,5,5,4,4,4,4,5,5,4,4,5,4,5,4,5,4,5,4,5,4,5,4,5,5,4,5,4,5,4,,,5,4,5,4,5,5,4,4,4,5,4,5,4,5,4,5,4,4,6,6,6,7,2,5,5,80205,4,1,,2,,6,3,4,5,4,4,5,4,4
338,R_3CIdft5RdR61zup,4,4,4,4,4,5,5,4,3,5,4,5,4,5,4,5,5,4,5,5,5,4,5,4,4,5,5,4,5,5,5,4,4,4,4,5,5,4,5,5,5,4,5,5,5,5,5,5,5,4,5,4,7,6,7,6,6,2,4,3,80045,3,1,,1,,6,2,2,2,2,3,4,2,2
379,R_6Djr0eXhw3x5n8l,4,2,1,,5,4,2,4,4,1,4,2,2,4,,5,5,2,4,2,5,5,5,4,2,4,1,2,1,5,5,4,,4,5,,4,,4,,5,,4,5,4,5,5,5,5,,5,2,6,6,3,2,6,2,2,3,80012,2,2,,3,,4,1,1,1,1,5,1,1,1
607,R_5xysi06ktHAC0Zu,4,4,2,2,5,5,,4,4,3,4,3,5,4,5,5,4,4,5,4,2,4,5,4,4,5,2,4,4,5,5,5,5,5,5,5,5,5,5,5,5,5,5,5,5,5,5,5,5,5,5,5,6,7,6,6,6,2,1,7,80239,5,1,,4,,7,5,5,5,5,5,5,5,5
661,R_3Gx3qNOldCCw8ch,4,5,4,5,5,5,4,5,3,4,3,3,3,4,,5,5,4,,4,5,4,5,4,4,5,5,5,5,5,4,5,5,4,4,4,4,4,3,5,5,4,4,5,5,5,5,5,5,3,5,5,6,7,7,7,7,2,2,3,81505,5,1,,3,,4,3,2,3,3,1,2,1,2
3056,R_3QtrvAzfaPwbqM8,4,4,5,5,5,5,4,4,4,4,4,4,4,4,4,4,5,4,4,4,4,4,4,4,5,5,,,5,5,4,4,4,4,5,4,4,4,4,5,5,4,4,4,4,4,4,5,5,4,4,4,7,6,7,6,7,2,5,5,80354,4,1,,2,,7,5,4,5,4,5,4,5,4
779,R_3g0EuFbBddC7YWB,4,5,1,1,1,5,1,1,1,4,4,5,1,1,1,5,5,4,3,4,4,2,4,5,4,4,5,3,4,5,5,5,2,1,4,5,5,3,5,2,4,1,5,4,3,3,3,4,5,1,4,3,5,4,5,1,4,2,3,5,80104,5,1,,5,,5,1,1,1,1,5,5,1,1
410,R_1h6DBnEeB1nIfVT,4,5,4,4,5,4,4,5,4,5,4,5,4,4,5,5,5,4,4,4,4,2,5,4,4,5,5,4,5,5,5,5,4,4,4,4,5,4,4,3,5,4,4,4,5,4,5,4,4,4,5,4,5,7,6,6,6,2,3,4,80022,3,1,,3,,5,3,3,2,3,3,3,2,2
354,R_6hUr0XGSbcKBAVH,4,5,5,4,4,3,5,4,3,4,4,5,4,3,5,4,4,5,4,3,4,5,4,3,4,4,4,4,2,5,4,5,4,4,5,5,4,5,2,4,5,3,4,5,4,2,4,4,3,4,4,3,6,5,6,6,6,2,6,6,80220,4,1,,1,,5,5,3,4,3,4,1,4,3
406,R_5QSb4o7tGUxxOxv,4,5,5,5,4,4,5,4,4,5,4,4,4,4,4,4,4,4,5,4,5,5,5,4,4,5,4,5,5,5,5,5,5,5,5,5,5,5,5,5,5,5,5,5,5,5,5,5,5,5,5,5,7,7,7,7,7,2,6,6,80123,4,2,,2,,4,1,1,2,1,1,1,1,1
384,R_3JsXf402aGPUqgu,4,3,5,4,3,4,4,5,5,4,,5,4,5,5,5,5,5,5,5,5,5,5,5,5,5,5,5,5,5,5,5,5,5,5,5,5,4,2,5,5,4,5,5,5,5,5,5,5,5,5,5,7,4,5,6,7,2,2,3,80216,3,1,,1,,5,2,2,3,3,3,3,3,3
1410,R_1unHrHvdVxYRyCd,4,5,4,4,5,4,2,4,4,3,2,2,2,2,2,4,3,4,3,4,4,1,4,4,3,4,5,3,3,5,3,5,3,3,4,3,5,3,3,3,5,3,2,4,4,4,3,4,3,2,3,3,5,5,5,5,4,2,2,4,80909,5,1,,2,,2,5,4,4,1,4,4,1,1
884,R_6zvhEHHUMxTaVPa,4,4,4,4,4,,,,,,,,,,,5,5,,,,,,,5,5,,,,,5,5,5,,,,,,,,,5,,,,,,,,,,5,,6,4,5,2,5,1,6,4,80233,5,2,,2,,3,1,1,1,3,5,5,5,1
513,R_5fwxJCtDNJPndo2,4,5,5,5,,4,3,4,2,5,1,4,1,4,4,4,5,5,2,5,5,2,4,5,1,5,5,1,5,5,5,4,4,2,4,3,1,,2,2,4,2,4,4,4,4,4,2,5,1,5,4,7,7,6,5,6,2,4,5,80123,6,1,,1,,6,5,3,1,5,1,1,1,1
742,R_6MKSMdjfXFmy9mu,5,5,4,4,5,5,3,3,1,2,1,5,1,2,3,5,5,5,1,5,5,1,5,5,1,5,5,2,4,5,5,5,5,3,5,4,5,1,3,3,3,1,2,1,4,3,1,3,5,3,2,1,5,7,7,4,4,2,5,3,80517,7,1,,3,,4,3,3,2,1,2,3,1,2
537,R_1fq8nQNK96IK93u,5,5,5,5,5,5,5,5,5,5,5,5,5,5,5,5,5,5,5,5,5,5,5,5,5,5,5,5,5,5,5,5,5,5,5,5,5,5,5,5,5,5,5,5,5,5,5,5,5,5,5,5,7,7,7,7,7,2,6,5,10001,4,1,,2,,7,3,2,2,3,2,2,2,5
406,R_31uv8I0VvFbIlA6,5,4,5,4,,5,4,5,4,5,1,5,5,2,5,4,5,4,5,2,4,3,3,3,3,5,4,4,4,5,4,4,4,5,5,4,4,4,4,4,5,3,2,4,1,2,2,4,5,3,5,5,5,6,4,5,7,1,6,5,80220,3,1,,2,,5,5,3,4,3,3,4,4,3
342,R_7IsdzXWBXQYqus5,5,5,5,4,1,1,1,1,1,1,1,1,4,1,1,5,5,5,5,5,5,5,5,5,5,5,5,5,5,5,5,5,5,,5,5,5,5,5,5,5,,4,5,4,5,5,5,5,5,5,5,7,7,7,7,7,2,4,4,80910,3,1,,2,,3,1,1,1,2,1,1,1,1
15061,R_5At17TxeoqH1ffX,5,4,3,5,4,5,4,4,4,5,4,5,5,5,5,4,1,2,4,4,4,2,4,2,3,4,1,4,4,5,5,5,4,5,4,4,4,5,4,4,4,4,4,5,5,4,4,5,4,4,4,4,7,6,7,5,5,2,3,1,80222,3,2,,1,,6,4,4,4,4,4,4,3,4
346,R_7rPe0NF5iXQrQv7,5,4,4,4,5,4,2,2,1,4,2,2,1,2,4,,5,1,1,4,3,1,5,4,1,,5,1,4,5,5,3,1,3,5,2,4,5,2,,4,1,4,3,4,1,1,5,4,1,4,,7,5,4,3,7,1,5,4,80011,3,1,,2,,5,3,2,5,3,4,5,2,1
780,R_1sbUbI9loK9oKr2,5,4,3,4,5,3,3,4,3,2,3,4,3,5,4,4,5,4,5,4,2,5,2,4,2,5,5,2,2,5,5,2,2,5,5,4,4,2,2,5,5,4,5,4,5,4,4,5,5,5,2,4,7,5,6,3,6,2,6,5,80203,3,1,,1,,7,4,3,4,4,4,3,4,4
392,R_1DHd2OdGZSfEN1C,5,5,5,5,5,5,5,5,5,5,5,5,5,5,5,4,4,5,5,5,4,5,5,5,5,5,4,5,5,5,5,5,5,4,4,5,4,4,5,4,4,5,5,4,4,5,4,4,5,4,4,4,6,6,6,6,6,2,5,4,80203,3,1,,2,,6,5,5,5,5,4,4,4,4
482,R_5d3Tkgss2a0L1Wd,5,2,3,1,1,2,3,3,,5,2,4,3,3,3,5,5,4,2,3,4,1,4,4,2,5,5,1,4,5,1,2,4,2,4,3,5,2,4,1,5,2,2,4,1,1,4,1,5,2,3,4,3,3,3,1,3,2,1,2,80205,3,2,,1,,6,5,5,5,2,5,5,1,1
1691,R_7pKyMoKQwJRDZVm,5,4,5,5,5,5,2,5,1,5,1,1,1,1,1,1,4,5,5,5,5,5,5,5,2,5,5,5,5,5,1,5,5,,1,5,2,5,5,5,2,4,4,4,5,5,4,1,1,1,5,,1,1,2,7,7,1,2,2,80219,4,1,,2,,6,4,3,4,4,4,4,4,4
386,R_1Qo0F7jjGI3Sxvg,5,5,5,1,5,5,1,5,5,5,1,3,3,3,3,5,5,3,3,3,3,3,3,3,3,3,3,3,3,5,3,5,3,1,3,3,3,3,,5,,1,3,3,3,3,3,3,3,,3,3,7,7,7,7,7,2,2,3,80903,3,3,,3,,4,1,3,3,3,5,5,1,1
452,R_3hS7tMWpk5S33ui,5,1,5,5,5,5,1,1,1,1,1,1,1,1,1,5,5,5,1,5,5,1,5,5,1,5,5,1,5,5,5,1,1,5,5,5,5,1,5,5,5,,5,,5,5,5,1,5,1,5,5,7,7,7,7,7,2,3,4,80013,5,2,,5,,2,1,1,1,1,5,5,1,1
694,R_60bBCdWGxUYqtr1,5,5,4,2,5,5,4,4,2,4,5,4,4,4,4,5,4,4,4,4,5,5,5,5,4,5,4,5,3,5,5,5,5,5,4,5,4,5,5,4,2,5,4,4,4,4,4,2,4,4,2,4,7,7,6,6,7,2,4,1,80814,4,2,,1,,6,4,3,2,2,2,1,3,4
815,R_7exyhM8VaOS0bf7,5,,2,2,2,4,2,2,2,,4,,2,5,2,5,5,4,,5,5,5,5,4,2,5,2,4,3,5,1,5,2,,4,3,4,5,5,2,4,,5,4,4,5,5,1,4,5,4,5,6,7,6,2,6,2,5,4,80228,3,2,,4,,3,1,1,1,1,5,5,1,1
878,R_5MWXVu4gfy8IhqE,5,5,5,3,5,5,3,3,4,3,1,2,,,,5,5,5,1,2,5,4,1,1,1,1,1,3,3,5,5,5,4,3,5,4,3,,,4,,2,1,5,5,1,3,5,5,2,5,4,1,1,6,2,6,1,7,7,80015,3,2,,5,,6,4,3,2,4,3,1,1,3
507,R_1QoJTJsyCjF8j47,5,2,5,5,5,2,4,4,2,2,4,4,4,4,4,5,5,5,5,5,5,2,5,5,4,5,2,5,5,5,1,5,5,5,5,5,5,3,3,5,5,5,5,5,5,5,5,5,5,5,5,3,5,5,5,5,5,2,3,6,80918,7,2,,3,,4,3,3,3,3,3,3,1,1
1927,R_54rc9MqflEQJdbJ,5,5,5,5,5,5,5,5,5,5,5,5,5,5,5,5,5,5,5,5,5,5,5,5,5,5,5,5,5,5,5,5,5,5,5,5,5,5,5,5,5,5,5,5,5,5,5,5,5,5,5,5,7,7,7,7,7,2,6,4,80111,4,1,,2,,1,5,5,5,5,5,5,5,5
559,R_3s60A0RdJM47jBF,5,4,4,2,2,4,4,2,2,4,4,2,2,2,4,4,4,4,2,4,2,4,2,4,2,4,2,4,2,5,4,2,4,3,2,4,,2,4,4,2,,5,2,4,5,2,4,2,4,2,4,6,2,7,6,3,2,4,1,80204,3,1,,5,,6,4,4,3,2,2,4,3,3
689,R_3OJ4fdmmEspjZgR,,5,4,2,3,3,,4,4,5,4,,3,3,4,3,2,4,4,4,5,5,5,4,4,5,5,4,4,5,4,4,4,,5,4,4,4,4,5,5,,4,,3,,,5,5,,,,5,6,6,6,6,2,6,5,80111,3,1,,2,,6,4,5,5,5,5,5,5,5
1928,R_57e4I65VuwC8wdv,,,5,,4,4,,4,4,4,,5,,5,5,5,,5,,4,5,,5,5,,,5,,5,5,,,,,5,,5,,4,4,5,,4,5,5,,5,5,5,,5,4,7,7,7,7,7,2,5,1,81501,6,2,,2,,2,2,2,5,2,5,5,1,1
1607,R_6tezm0pgpNtwy4h,,1,5,4,2,1,,,,,,,,,,,4,,,,4,,1,,,2,5,,,5,,,,,,,,,,5,4,,,,,,,,,,,,2,7,7,6,1,2,5,2,80401,7,1,,3,,4,1,4,3,4,1,1,2,5
489,R_3mPjL5EJ1TLCL9N,,,4,5,5,5,4,4,4,4,5,1,1,1,1,5,5,1,1,1,5,1,5,5,1,5,1,5,5,5,5,5,1,1,5,5,5,1,1,1,5,5,1,5,5,5,5,5,5,1,5,1,5,5,5,6,5,1,7,7,80223,2,2,,5,,5,4,4,2,4,2,2,2,5
333,R_6sTKHCUR7AF1XfM,,4,1,1,1,1,,2,3,4,4,2,2,2,2,,4,4,5,4,4,2,4,4,2,4,4,2,4,5,5,5,2,4,5,2,4,2,4,4,5,,2,2,5,,5,4,4,2,4,5,5,5,5,5,5,1,2,2,80016,4,2,,1,,5,3,2,3,3,2,3,3,2
516,R_3syNYt0ZGxoYIkD,,4,5,,4,1,1,4,2,5,1,1,1,1,4,1,2,3,5,5,3,2,5,4,3,4,5,1,,5,1,5,4,,3,5,2,1,5,5,4,,5,2,5,4,5,2,5,1,5,5,7,7,5,5,5,2,3,1,80910,5,2,,3,,5,5,5,5,1,4,3,1,4
566,R_6snnGGBJux8ZmdE,,5,2,4,4,,1,2,2,,1,2,2,,4,2,5,2,2,5,5,,5,5,2,5,2,4,5,5,5,5,5,2,5,2,4,2,4,5,5,,4,4,4,5,5,5,5,2,5,4,5,5,4,4,4,1,3,2,80819,3,2,,5,,3,1,1,1,1,1,1,1,1
804,R_1gLg9a7K2jCXfrA,,4,4,4,4,4,1,,,5,,4,,,,5,5,5,,,,,,4,,,,,4,5,1,,1,3,,,,4,,,,,,4,4,4,,,,,,4,5,5,6,7,6,1,3,3,80014,4,1,,2,,2,3,2,1,2,5,5,1,1
871,R_30dw0zlGaMofGvq,,,5,5,4,4,4,4,4,4,5,4,5,4,4,5,5,3,4,,5,4,,,,5,5,,,5,5,5,4,,5,,4,4,,5,5,2,5,5,5,5,4,4,5,,,,5,5,1,1,5,2,3,3,80016,6,4,retired,2,,5,5,5,5,5,5,5,5,5
466,R_31txccqM3gl0yvt,1,1,2,,,2,3,4,5,,1,5,4,2,3,4,4,,,,,4,,,,,,5,,,5,4,,5,,,,,,,,3,,,,5,,,,5,,,4,6,4,2,5,2,6,6,80210,4,1,,4,Libertarian,5,1,1,1,3,4,4,1,1
909,R_31j5kXzQz9fROmY,1,4,5,3,4,3,1,1,1,1,1,1,1,1,1,4,4,5,1,4,4,1,5,5,1,5,5,5,4,,4,1,1,,3,2,3,1,4,5,3,1,3,1,4,2,1,3,5,1,1,3,6,7,6,7,7,1,3,2,80915,5,2,,2,,6,2,3,2,1,1,1,2,5
453,R_5Tf63I0PG5qekUh,1,1,1,1,1,1,1,1,1,1,1,1,1,1,1,,,,,,,,,,,,,5,,,5,4,4,3,,,,,,,,3,,,,,,,,,,,4,4,2,2,2,2,3,2,81005,3,1,,3,,5,1,1,1,1,1,1,2,2
348,R_56iewKx0E6264Cd,1,2,1,1,1,1,1,1,1,4,1,2,5,5,5,5,1,4,1,4,4,3,5,1,1,5,1,1,4,,5,5,1,,5,2,2,1,1,2,5,,5,5,5,3,4,4,2,1,3,1,7,4,7,7,7,2,5,2,80023,2,2,,2,,1,1,1,1,2,5,5,1,1
937,R_3QPF9wNxa0ZCoVU,1,,1,1,1,4,,,4,5,4,,4,,5,5,4,2,4,,5,,4,4,,4,5,5,,,,5,4,,,5,,,5,4,2,,,4,4,,4,5,4,,4,3,5,4,4,3,4,2,3,1,81001,5,2,,5,,4,3,3,1,1,3,5,3,1
334,R_77qbNvWHbcQxEZr,1,1,1,1,1,1,1,1,1,1,1,1,1,1,1,,1,1,1,1,1,1,1,1,1,1,1,1,1,,,,,3,,,5,,,,4,,,,5,5,,4,4,,1,4,5,5,4,4,4,2,3,2,80916,3,1,,3,,2,3,3,4,1,1,5,1,1
3819,R_1QhboPENWr9P1yt,1,1,1,1,1,1,1,1,1,1,1,1,1,1,1,1,4,,,,4,,,,,,,,,,,4,,1,4,,4,,4,4,4,,,,4,,,,,,,,6,5,3,3,3,1,2,1,80631,2,1,,1,,4,3,2,3,2,3,3,1,1
810,R_3zbQKFA1Q0Li981,1,3,,2,2,4,,2,2,4,1,1,,,,5,4,5,2,4,5,1,4,5,1,4,4,5,5,,2,5,1,,2,1,1,4,1,3,2,,1,1,4,,4,2,2,2,4,5,6,6,6,6,6,2,3,2,80203,4,2,,3,,1,1,1,1,5,5,5,1,1
467,R_5f3VTkAEZm9GGpk,1,2,1,1,1,4,1,1,1,5,1,1,1,1,1,2,,,1,,4,1,4,4,1,4,4,,4,,,,4,1,,2,4,1,,1,1,,1,,,1,2,4,4,1,4,1,3,2,1,2,3,2,2,1,81004,4,2,,5,,4,1,1,1,1,1,1,1,1
567,R_1X4lu99zFzV9QmF,1,2,3,,,5,1,1,1,5,1,5,1,1,1,2,5,3,1,5,5,1,5,5,1,5,1,5,1,,5,4,1,,5,5,2,1,5,1,,,,1,5,5,,5,5,1,5,,5,5,5,5,5,1,2,1,80918,4,2,,5,,1,1,1,1,5,5,5,1,1
649,R_3Cwpi5FnosiM5Ql,1,,1,1,1,,1,1,1,,1,,1,1,1,5,5,5,,5,5,,5,5,,5,5,5,5,,,,,1,,,1,1,,5,,,5,1,1,1,,5,5,1,,1,7,7,7,7,7,2,2,3,80017,7,2,,2,,1,1,1,1,5,5,5,1,1
557,R_190KX1mmNSQJVRB,1,1,1,1,1,1,1,1,1,1,1,1,2,1,2,,4,5,,4,,3,4,4,4,,,,2,,2,,2,4,4,4,2,2,,2,1,3,4,4,,,4,2,4,5,2,3,7,7,7,7,7,2,6,5,80219,4,3,,4,Libertarian,5,1,1,3,4,5,5,2,1
710,R_5fqZVY0lzRfMueO,1,1,1,1,1,1,1,1,1,1,1,1,1,1,1,5,5,,1,4,5,1,4,5,1,,2,1,4,,,1,1,1,1,1,,1,1,4,5,,,,,1,4,5,5,1,4,1,7,7,7,7,7,1,7,7,80010,5,2,,2,,4,1,1,2,1,1,1,1,1
416,R_65HFA5ORhKpSgut,1,,1,1,2,2,1,1,1,5,1,1,1,5,5,,1,3,1,5,5,1,5,5,1,,1,1,5,,5,,1,,2,1,1,1,1,,4,,,,,2,2,3,4,1,2,4,5,3,4,3,1,2,3,3,80916,2,2,,5,,4,1,1,1,1,1,5,2,1
546,R_3W6acGyrsvHPFh7,1,1,1,1,1,1,1,1,1,1,1,1,1,1,1,,2,4,5,2,,3,4,,,4,,,1,,5,4,3,5,,5,,5,,,,3,4,,,,,2,,,,4,6,6,6,4,6,2,3,3,80504,4,2,,3,,4,2,1,2,2,5,5,1,1
530,R_75Sklg8yPySUH7s,1,2,1,2,2,1,1,1,1,1,1,1,1,1,1,1,2,2,1,2,2,1,2,2,2,2,2,1,2,,4,,1,,3,2,2,1,1,1,2,,2,2,1,3,1,1,1,1,2,1,6,6,5,4,4,2,6,4,80517,7,1,,3,,5,3,2,3,2,1,2,1,3
550,R_7PoEh3V6u3TEPqp,1,3,1,1,3,4,2,2,2,2,2,2,2,2,2,4,2,2,4,2,4,,,2,4,,,2,,,1,,1,3,,,,,,,,1,4,2,4,5,4,2,2,2,3,4,5,5,5,7,7,2,2,7,80831,7,1,,3,,4,3,2,2,4,5,5,1,1
768,R_5S5ZyvvcT0YPC4X,1,1,,4,4,4,2,2,2,2,2,2,2,2,2,2,4,5,3,5,5,,5,5,5,5,4,5,5,,4,2,,2,4,5,,,4,4,4,,,,5,5,4,4,4,,4,5,5,5,5,5,5,1,3,4,80401,7,2,,1,,6,3,4,1,2,3,4,4,1
563,R_3W7SzaJkjIXQFmV,1,1,4,1,3,1,1,1,1,1,1,1,1,1,1,,5,1,4,1,4,1,1,4,1,3,1,1,4,,1,1,1,,1,1,1,4,5,5,,,1,5,1,3,1,1,2,1,4,5,7,6,7,7,7,2,7,6,80538,3,1,,3,,4,2,1,1,2,5,5,1,1
611,R_3FKBLVekwK7AoOH,2,4,4,5,5,4,3,4,,4,2,2,2,2,3,5,4,4,3,4,4,5,5,5,3,4,4,,4,,4,5,4,4,4,4,5,3,4,3,4,3,5,4,3,4,3,5,4,5,4,2,6,6,6,7,7,2,5,6,80922,7,1,,2,,2,3,2,1,3,5,5,1,1
956,R_6jrH46vCGUmStt9,2,,2,2,2,,2,2,2,,2,2,2,2,2,4,,,,,4,,,,,,4,4,4,,4,4,,2,,4,,,,,,2,,,,,,,,,,,5,5,5,4,4,2,2,2,80004,6,2,,3,,5,3,2,1,2,4,5,1,1
889,R_7uExhntNyvQG75v,2,3,4,4,,,,,,4,,,,4,,,4,5,,4,4,1,4,5,,4,,4,4,,5,5,2,,4,4,5,2,5,2,2,,4,4,2,2,2,2,2,,2,2,5,5,1,2,5,2,4,5,80922,6,2,,1,,6,3,2,3,3,2,2,5,3
584,R_6g8fLPyRx9vw1kl,2,2,1,3,4,2,2,2,2,2,2,2,2,2,2,,5,,4,,4,2,4,4,3,4,4,3,4,,4,3,5,3,2,4,3,3,3,4,3,3,3,2,3,3,3,1,4,3,4,2,6,6,4,4,4,2,3,2,80758,6,1,,3,,5,4,4,4,1,2,1,2,2
338,R_3oovsGfF7z22yBR,2,4,3,,5,5,4,2,,4,2,5,2,5,5,5,5,,,2,,1,2,2,,,,,,,5,4,5,5,,,,,,,,,,,,,,,,,,,6,7,6,6,6,2,2,3,80022,2,1,,5,,4,5,5,3,5,2,2,3,4
1599,R_3DP0pCO7h0nl33H,2,1,1,2,2,2,2,,,1,2,1,2,1,2,,,,,4,,4,4,,,,4,,,,5,,4,4,,4,4,,,,,3,4,4,,5,4,,,,4,,6,6,5,5,5,2,6,2,80112,4,1,,3,,5,2,1,1,2,1,1,2,4
861,R_33fnNJEAE6UPi4G,2,2,,,,4,2,,2,2,1,4,2,2,2,4,,4,2,,,1,4,4,2,,2,4,,,,,4,2,2,3,,2,,2,,1,2,,,4,,2,,1,4,2,3,5,3,5,6,2,6,3,81082,7,1,,2,,6,3,2,2,3,2,3,1,1
1171,R_55njvErTUbG0IFz,2,5,1,4,5,2,1,1,1,4,1,2,1,1,1,1,4,4,1,4,5,1,4,4,2,4,5,2,4,,4,,2,3,2,4,4,1,4,,4,,,2,4,1,4,2,4,1,4,2,6,5,1,1,2,2,6,2,80918,7,1,,1,,6,4,4,3,3,1,1,2,5
667,R_1vcA7GpqSWCmtW1,2,2,4,2,4,2,4,5,5,2,2,4,2,2,2,,5,4,,4,4,4,,4,4,,4,,3,,4,4,4,,5,,5,,,4,,,4,,4,,,,,,,,7,6,5,5,5,2,4,2,80231,4,1,,2,,4,3,3,2,3,3,4,2,3
592,R_6A0iV6gxHdnFjyN,3,4,3,4,4,,,4,4,4,,,,4,4,,,4,,4,,,4,4,,4,,,,,2,,,3,4,4,4,,4,,4,3,4,4,,4,,4,,,4,,6,5,4,4,5,2,5,3,80538,7,2,,2,,2,1,1,1,1,5,5,1,1
1094,R_3pWJpQLaA1armbh,3,3,3,3,3,3,3,3,3,3,3,3,3,3,3,5,3,,,,,4,3,,4,3,3,3,,,1,,,3,,,,,,,,3,,,,,,2,,3,,,5,5,5,5,5,2,2,3,80601,6,2,,2,,1,1,1,1,3,5,5,1,1
1056,R_134tVmp2gGJtl2q,3,3,4,4,5,5,3,3,2,2,2,2,2,2,3,4,4,2,4,,4,2,4,5,,2,4,3,4,,,,4,,,,,,,,,,,,,4,2,4,4,4,3,4,6,3,6,6,3,2,2,2,80537,4,5,,3,,4,2,2,2,3,5,2,3,4
490,R_5UzmT9Y6C0yfIUp,3,3,,3,3,,3,,,,,3,3,,,5,3,3,3,4,,,,3,4,3,,,2,,3,,,3,3,,3,3,,3,3,3,,3,3,3,3,3,3,3,3,3,5,5,5,5,5,2,6,1,80202,3,2,,2,,3,1,1,1,5,5,5,1,1
440,R_63lvnUVlzFRilu9,3,3,3,2,2,2,2,2,2,4,2,,1,1,1,4,3,5,1,4,3,1,4,5,1,4,3,1,4,,5,4,5,,,,,,,,,,,5,,5,,2,,,,3,7,5,5,3,4,1,3,2,80918,4,2,,3,,5,3,2,1,1,2,2,1,2
696,R_1qfgNbo7AwH2zZE,3,3,,,,3,,3,,3,,,,,,4,4,,,,4,,4,,,4,,,,,4,5,,,,,,,,,4,,,4,4,,,,,,,,4,5,3,2,1,2,5,2,80012,5,2,,2,,3,1,2,3,4,3,4,2,1
657,R_6Emcs9gxHyu217k,3,,3,,,,,5,5,,5,,,,,5,3,,,,,5,,,,,3,5,2,,,,1,,,,,5,4,,,,4,,,,,4,,5,,,7,7,7,7,7,2,6,5,80651,3,2,,2,,2,1,1,1,5,5,5,1,1
455,R_7kHe1dLbfvdVBep,3,3,3,3,3,3,3,3,3,3,3,3,,3,3,5,,,,,,5,,,5,,,,1,,,,,5,,,,5,,,,,,,,,,4,,4,,,6,6,7,7,7,2,6,3,80209,3,2,,2,,2,1,1,1,5,5,5,1,1
608,R_71nhAQdMKQO9eTf,3,,,,,,,,,,3,3,,3,3,3,,,,,,3,3,,,,,,,,4,4,,,,3,2,,,,,,,,3,,,,,,,,7,6,5,3,3,2,3,4,80014,5,2,,2,,4,1,1,1,1,5,5,1,1
680,R_7ZTW0btMo3fP5Pj,3,4,2,3,3,5,3,,,4,,2,2,4,,3,4,5,,4,4,4,4,4,,4,,,2,,5,,,4,,4,4,,4,4,,3,4,4,4,4,4,,,,1,,6,6,2,6,5,2,4,3,80907,7,2,,1,,6,4,5,1,3,1,1,2,1
635,R_7dJUIvehPXQyDSR,3,4,4,4,3,3,3,3,3,4,3,3,3,3,3,5,4,,4,,,4,,,,,4,,,,,,4,3,,5,,,3,,,3,,,,3,3,4,,,,,5,6,6,6,6,2,5,3,80909,6,2,,3,,2,1,1,1,5,3,4,1,1
316,R_73UfSUzZnha5d2F,3,4,1,3,4,,,,,,,,,,,4,3,,4,,,,4,2,,,,,,,4,4,,3,,,,,,1,,,,,,4,4,,,,,,5,4,1,1,2,2,3,3,80249,2,1,,1,,6,4,5,4,1,1,1,4,5
831,R_37mrY6ErgkWIrgD,4,2,,,,2,,2,,2,4,,,,,4,4,5,4,4,4,,4,5,,4,5,,4,,4,4,5,,,4,,2,4,5,,2,2,4,4,,4,2,,,4,,5,4,3,3,4,2,3,3,80004,7,1,,2,,3,3,3,3,4,2,3,3,4
582,R_7hJZGvRS0DJCZ3A,4,3,3,5,3,3,3,3,3,3,3,3,3,3,,,5,5,,,,,4,4,,,,,4,,5,,4,,,,,,,4,4,,,,,,,,4,,,,7,7,4,2,4,2,5,2,80538,7,2,,1,,5,3,3,4,2,3,4,1,1
390,R_6bTA1GgRF6hwNmM,4,,4,4,5,3,,,4,2,,2,,5,5,5,4,5,,4,5,2,5,4,2,,4,3,5,,5,5,,4,5,4,,5,,4,3,,5,,4,4,,4,1,2,4,4,7,5,2,5,7,2,5,3,80224,3,1,,2,,1,1,1,1,5,5,5,1,1
742,R_5kFWPBMp7NkLU9E,4,5,5,,,,4,4,4,5,,,,4,4,5,5,5,,5,5,4,5,5,4,,,,,,,5,,3,4,,,,4,4,,3,5,4,4,,4,,4,,,,6,5,4,4,5,2,5,3,80498,6,2,,3,,3,3,1,1,1,5,5,1,1
347,R_17nmzd7ekZTpu8h,4,5,3,4,4,,4,5,4,2,2,4,4,4,4,,,,,,,,,,,,,,,,,,,,,,4,,4,,,4,,,,,,4,,,,,6,6,7,7,6,2,7,7,80015,4,1,,5,,6,4,3,4,5,3,4,3,5
737,R_3wgYp1ZGueEcHPf,4,3,5,,,,,,,,,,,,,4,4,4,4,4,,4,4,4,5,4,,,,,4,4,,4,,4,4,4,,,,,,,,,,,,,,,4,5,5,4,4,2,5,5,80015,5,2,,1,,4,3,3,3,3,2,2,2,3
366,R_5Rt3LBR4Z3g7Nqs,4,5,,4,4,5,,,,3,,3,,,,4,4,4,,,,,,5,,,5,2,,,5,1,4,,4,,,,,,,,4,,,5,,,4,,,,5,4,2,2,3,1,5,5,80907,4,1,,1,,5,5,4,4,1,1,1,3,3
439,R_1rj5NRCeHp3Wuc9,4,1,1,1,1,4,4,1,4,1,4,5,5,5,5,5,,,5,,,,,,5,,,,,,5,,,5,,,5,5,,,,,4,,,,4,1,,4,,,7,7,7,7,7,2,3,4,80220,3,2,,3,,3,1,1,1,5,3,4,5,4
1016,R_7NqMrim6SFW72WW,4,,1,4,,,,3,,4,,,3,,2,1,3,4,,3,,1,,,2,,,,1,,5,,4,3,,,4,,,2,,3,,,,3,4,2,,,,,5,5,3,2,4,2,6,4,80020,6,2,,1,,5,3,4,2,1,1,1,3,1
372,R_6DkmNfOQSKp5ZLB,4,2,2,4,2,4,1,1,1,4,2,2,4,4,,4,4,2,2,2,4,2,4,,2,,4,2,2,,4,,2,3,,2,2,2,2,,,2,4,4,,,,,,,,,7,5,6,6,5,1,5,7,80010,3,5,,5,,4,1,1,1,1,3,3,1,1
925,R_1B6dSJERYA3tkkh,5,2,2,1,1,1,5,4,4,3,5,5,5,5,5,5,1,1,3,2,1,5,2,2,5,3,4,5,2,,1,4,3,5,3,4,5,5,2,3,,5,5,2,4,5,3,5,3,5,2,3,7,7,6,5,5,1,4,3,80128,6,1,,3,,5,3,3,3,4,3,3,5,3
748,R_7d5n36izntGRChP,5,2,1,1,4,5,2,2,,5,,5,,,1,,5,5,,4,5,,4,5,,4,,,4,,1,4,4,,,5,2,,,,,,4,,,,4,1,4,,,,7,7,7,7,7,2,3,2,81321,5,1,,1,,5,3,3,3,2,2,4,2,2
473,R_1qofErWeKk3tZSN,5,,2,2,2,4,,,3,4,3,,,,,5,1,,,4,5,,,4,4,5,5,,5,,5,3,,3,3,,4,2,2,,1,,,3,,3,4,5,5,,5,,7,5,4,4,6,2,4,2,80621,4,1,,2,,4,1,1,2,2,5,5,1,1
514,R_1gSlcfzqSsLYeKK,,1,3,4,5,2,,,,,,,,,,,1,,,,3,,,5,,4,2,,,,1,,2,3,,,,,4,,,,5,,,,,,,,,,5,4,1,3,2,2,6,2,80906,7,1,,3,,4,3,3,4,4,3,3,2,1
567,R_66b5UKdZLiwSkbT,,4,4,,,,,,,,,4,4,,,4,5,,,,5,,,5,,,,,,,5,,,4,,,,,,,5,5,,,,,4,,4,,4,,7,6,6,6,6,2,4,2,81501,5,2,,3,,5,2,2,4,3,1,1,5,5
1065,R_7guaeFOQIHrj5Bz,,5,,,,,,,,5,,5,,1,1,,,5,,,5,,5,5,,,5,,,,4,,5,3,,,5,,,4,,3,4,,,,,,,,,,5,6,6,5,6,2,5,4,80424,7,2,,1,,4,2,1,1,1,1,2,2,2
487,R_1inEZhiD9uskIzU,,2,1,4,3,4,4,4,4,4,2,4,4,2,3,1,3,4,2,3,5,1,2,4,3,4,4,2,2,,,,,,,4,,2,4,,,1,,,,,,1,2,,,,7,6,3,6,3,2,5,3,80525,4,2,,1,,6,4,2,3,1,1,1,3,1
442,R_6dRoZWWxGqDViY8,,4,,,,4,,,4,4,,5,4,4,5,3,,,,,5,,,5,,5,,,4,,5,5,,,5,,5,,,,4,,,,,5,,5,5,,,4,6,5,6,6,6,2,1,7,80016,2,2,,3,,6,4,3,1,2,3,2,2,2
599,R_3B44AP0d1NwSgCt,,3,,1,5,,,,,4,,,,2,,5,4,2,,3,,,,,,,,,1,,1,5,,3,3,,,,,,,3,4,,,,,2,,,,,5,5,5,5,5,2,3,3,81623,6,1,,3,,2,1,1,1,3,5,1,1,1
1727,R_1z0qiU9icRCzbnr,,,,,,4,,4,,,,4,,,,5,,,,,3,,,,,,,4,,,1,,,,,,,,,,,,,,,,,4,,,4,,7,7,7,7,7,2,6,2,81521,7,2,,3,,2,1,1,1,2,5,5,1,1
